{"value_loss": 0.0033362408401444556, "policy_loss": -0.0005547997644621105, "dist_entropy": 2.4735858917236326, "actor_grad_norm": 0.03286479040980339, "critic_grad_norm": 0.028209496289491653, "ratio": 0.9999799728393555, "average_episode_rewards": 659124.2980957031, "agent0/delivery_rate": 7.375, "agent1/delivery_rate": 7.375, "agent2/delivery_rate": 7.375, "agent3/delivery_rate": 7.375, "agent4/delivery_rate": 7.375, "agent5/delivery_rate": 7.375, "agent6/delivery_rate": 7.375, "agent7/delivery_rate": 7.375, "agent8/delivery_rate": 7.375, "agent9/delivery_rate": 7.375, "_step": 1272000, "_runtime": 2839, "_timestamp": 1722278314}