{"value_loss": 0.5356049239635468, "policy_loss": -8.257739835686451e-05, "dist_entropy": 2.555534839630127, "actor_grad_norm": 0.0065682800486683846, "critic_grad_norm": 1.3635578155517578, "ratio": 1.000009298324585, "average_episode_rewards": 54171.53358459473, "agent0/delivery_rate": 1.0, "agent1/delivery_rate": 1.0, "agent2/delivery_rate": 1.0, "agent3/delivery_rate": 1.0, "agent4/delivery_rate": 1.0, "agent5/delivery_rate": 1.0, "agent6/delivery_rate": 1.0, "agent7/delivery_rate": 1.0, "agent8/delivery_rate": 1.0, "agent9/delivery_rate": 1.0, "_step": 45760000, "_runtime": 79609, "_timestamp": 1722613357}