{"value_loss": 0.5201380372047424, "policy_loss": -1.0235019974658144e-05, "dist_entropy": 2.561574196815491, "actor_grad_norm": 0.0013279117411002517, "critic_grad_norm": 0.3030090630054474, "ratio": 1.000004768371582, "average_episode_rewards": 32991.178035736084, "agent0/delivery_rate": 0.9375, "agent1/delivery_rate": 0.9375, "agent2/delivery_rate": 0.9375, "agent3/delivery_rate": 0.9375, "agent4/delivery_rate": 0.9375, "agent5/delivery_rate": 0.9375, "agent6/delivery_rate": 0.9375, "agent7/delivery_rate": 0.9375, "agent8/delivery_rate": 0.9375, "agent9/delivery_rate": 0.9375, "_step": 148160000, "_runtime": 268840, "_timestamp": 1722802588}