{"value_loss": 1.693605124950409, "policy_loss": -0.0025694295536723643, "dist_entropy": 2.5593202829360964, "actor_grad_norm": 0.06984683871269226, "critic_grad_norm": 14.588482856750488, "ratio": 0.9998247027397156, "average_episode_rewards": 293.00621151924133, "agent0/delivery_rate": 1.375, "agent1/delivery_rate": 1.375, "agent2/delivery_rate": 1.375, "_step": 16000, "_runtime": 224, "_timestamp": 1722705594}