{"value_loss": 0.12060110121965409, "policy_loss": -0.0004727553194191714, "dist_entropy": 2.499588131904602, "actor_grad_norm": 0.035923972725868225, "critic_grad_norm": 0.3198871314525604, "ratio": 1.0000947713851929, "average_episode_rewards": 243812.8204345703, "agent0/delivery_rate": 5.0, "agent1/delivery_rate": 5.0, "agent2/delivery_rate": 5.0, "agent3/delivery_rate": 5.0, "agent4/delivery_rate": 5.0, "agent5/delivery_rate": 5.0, "agent6/delivery_rate": 5.0, "agent7/delivery_rate": 5.0, "agent8/delivery_rate": 5.0, "agent9/delivery_rate": 5.0, "_step": 576000, "_runtime": 1226, "_timestamp": 1722523627}