{"value_loss": 0.03363089896738529, "policy_loss": -0.006196900427620733, "dist_entropy": 2.431116008758545, "actor_grad_norm": 0.2566956579685211, "critic_grad_norm": 2.0249135494232178, "ratio": 1.0002284049987793, "average_episode_rewards": 91.13740921020508, "agent0/delivery_rate": 2.0, "agent1/delivery_rate": 2.0, "agent2/delivery_rate": 2.0, "_step": 11000, "_runtime": 59, "_timestamp": 1722707369}