{"value_loss": 0.0009885870735161007, "policy_loss": -0.0003103866652670151, "dist_entropy": 2.439194083213806, "actor_grad_norm": 0.011834760196506977, "critic_grad_norm": 0.10369715839624405, "ratio": 0.9999799728393555, "average_episode_rewards": 652444.8394775391, "agent0/delivery_rate": 7.375, "agent1/delivery_rate": 7.375, "agent2/delivery_rate": 7.375, "agent3/delivery_rate": 7.375, "agent4/delivery_rate": 7.375, "agent5/delivery_rate": 7.375, "agent6/delivery_rate": 7.375, "agent7/delivery_rate": 7.375, "agent8/delivery_rate": 7.375, "agent9/delivery_rate": 7.375, "_step": 11292000, "_runtime": 23742, "_timestamp": 1722372413}