{"value_loss": 6.501176312667667e-06, "policy_loss": -1.7387132726653932e-05, "dist_entropy": 2.548831748962402, "actor_grad_norm": 0.002866423921659589, "critic_grad_norm": 0.012825315818190575, "ratio": 0.999982476234436, "average_episode_rewards": 600111.0992431641, "agent0/delivery_rate": 6.75, "agent1/delivery_rate": 6.75, "agent2/delivery_rate": 6.75, "agent3/delivery_rate": 6.75, "agent4/delivery_rate": 6.75, "agent5/delivery_rate": 6.75, "agent6/delivery_rate": 6.75, "agent7/delivery_rate": 6.75, "agent8/delivery_rate": 6.75, "agent9/delivery_rate": 6.75, "_step": 139632000, "_runtime": 265820, "_timestamp": 1722614491}