{"value_loss": 0.0014624857169110328, "policy_loss": -6.800951646752651e-05, "dist_entropy": 2.690412402153015, "actor_grad_norm": 0.00430308235809207, "critic_grad_norm": 0.18959881365299225, "ratio": 1.0000361204147339, "average_episode_rewards": 568425.3540039062, "agent0/delivery_rate": 4.875, "agent1/delivery_rate": 4.875, "agent2/delivery_rate": 4.875, "agent3/delivery_rate": 4.875, "agent4/delivery_rate": 4.875, "agent5/delivery_rate": 4.875, "agent6/delivery_rate": 4.875, "agent7/delivery_rate": 4.875, "agent8/delivery_rate": 4.875, "agent9/delivery_rate": 4.875, "_runtime": 149393, "_timestamp": 1722525980, "_step": 199936000, "_wandb": {"runtime": 149391}}