{"value_loss": 0.149374121427536, "policy_loss": -0.0001658257846507638, "dist_entropy": 2.688383102416992, "actor_grad_norm": 0.019984958693385124, "critic_grad_norm": 1.9110774993896484, "ratio": 0.9999788999557495, "average_episode_rewards": -4481.859505176544, "agent0/delivery_rate": 0.8125, "agent1/delivery_rate": 0.8125, "agent2/delivery_rate": 0.8125, "agent3/delivery_rate": 0.8125, "agent4/delivery_rate": 0.8125, "agent5/delivery_rate": 0.8125, "agent6/delivery_rate": 0.8125, "agent7/delivery_rate": 0.8125, "agent8/delivery_rate": 0.8125, "agent9/delivery_rate": 0.8125, "_runtime": 98158, "_timestamp": 1722631980, "_step": 28960000}