{"value_loss": 0.09199366495013236, "policy_loss": -2.6389188566966482e-05, "dist_entropy": 2.690980410575867, "actor_grad_norm": 0.005440177395939827, "critic_grad_norm": 0.8517219424247742, "ratio": 0.9999569654464722, "average_episode_rewards": 43518.44787597656, "agent0/delivery_rate": 0.9375, "agent1/delivery_rate": 0.9375, "agent2/delivery_rate": 0.9375, "agent3/delivery_rate": 0.9375, "agent4/delivery_rate": 0.9375, "agent5/delivery_rate": 0.9375, "agent6/delivery_rate": 0.9375, "agent7/delivery_rate": 0.9375, "agent8/delivery_rate": 0.9375, "agent9/delivery_rate": 0.9375, "_runtime": 269276, "_timestamp": 1722803098, "_step": 79360000, "_wandb": {"runtime": 269275}}