{"value_loss": 3.468412742222426e-05, "policy_loss": -0.00011492391467760044, "dist_entropy": 2.5407880783081054, "actor_grad_norm": 0.004853931721299887, "critic_grad_norm": 0.010706990957260132, "ratio": 0.999987781047821, "average_episode_rewards": 630622.9705810547, "agent0/delivery_rate": 6.875, "agent1/delivery_rate": 6.875, "agent2/delivery_rate": 6.875, "agent3/delivery_rate": 6.875, "agent4/delivery_rate": 6.875, "agent5/delivery_rate": 6.875, "agent6/delivery_rate": 6.875, "agent7/delivery_rate": 6.875, "agent8/delivery_rate": 6.875, "agent9/delivery_rate": 6.875, "_step": 27372000, "_runtime": 23823, "_timestamp": 1722372568}