{"value_loss": 4.443485158844851e-05, "policy_loss": -6.608977998116827e-05, "dist_entropy": 2.556996297836304, "actor_grad_norm": 0.004066706635057926, "critic_grad_norm": 0.007362838834524155, "ratio": 1.0000340938568115, "average_episode_rewards": 644083.6486816406, "agent0/delivery_rate": 7.125, "agent1/delivery_rate": 7.125, "agent2/delivery_rate": 7.125, "agent3/delivery_rate": 7.125, "agent4/delivery_rate": 7.125, "agent5/delivery_rate": 7.125, "agent6/delivery_rate": 7.125, "agent7/delivery_rate": 7.125, "agent8/delivery_rate": 7.125, "agent9/delivery_rate": 7.125, "_step": 199992000, "_runtime": 162320, "_timestamp": 1722511065}