{"value_loss": 4.992420876703818e-08, "policy_loss": -0.00037493294332939796, "dist_entropy": 2.4283965587615968, "actor_grad_norm": 0.04140833765268326, "critic_grad_norm": 0.0007626704755239189, "ratio": 1.0000869035720825, "average_episode_rewards": 168672.0199584961, "agent0/delivery_rate": 1.875, "agent1/delivery_rate": 1.875, "agent2/delivery_rate": 1.875, "agent3/delivery_rate": 1.875, "agent4/delivery_rate": 1.875, "agent5/delivery_rate": 1.875, "agent6/delivery_rate": 1.875, "agent7/delivery_rate": 1.875, "agent8/delivery_rate": 1.875, "agent9/delivery_rate": 1.875, "_step": 30432000, "_runtime": 58777, "_timestamp": 1722348541}