{"value_loss": 0.07912621721625328, "policy_loss": -0.002802021256058129, "dist_entropy": 2.34509859085083, "actor_grad_norm": 0.04715031385421753, "critic_grad_norm": 1.3106398582458496, "ratio": 0.9999834895133972, "average_episode_rewards": 155.09317815303802, "agent0/delivery_rate": 1.25, "agent1/delivery_rate": 1.25, "agent2/delivery_rate": 1.25, "_step": 5856000, "_runtime": 12312, "_timestamp": 1722720048}