{"value_loss": 0.03999038599431515, "policy_loss": -0.002730175847373939, "dist_entropy": 2.3543017148971557, "actor_grad_norm": 0.10223159939050674, "critic_grad_norm": 0.18186278641223907, "ratio": 1.0001472234725952, "average_episode_rewards": 195.60620188713074, "agent0/delivery_rate": 1.3125, "agent1/delivery_rate": 1.3125, "agent2/delivery_rate": 1.3125, "_step": 148736000, "_runtime": 270857, "_timestamp": 1722978593}