{"value_loss": 0.060705915465950964, "policy_loss": -0.0019920616644746756, "dist_entropy": 2.316727638244629, "actor_grad_norm": 0.05677827447652817, "critic_grad_norm": 0.333315908908844, "ratio": 0.9992727041244507, "average_episode_rewards": 161.70716285705566, "agent0/delivery_rate": 1.125, "agent1/delivery_rate": 1.125, "agent2/delivery_rate": 1.125, "_step": 4656000, "_runtime": 9547, "_timestamp": 1722717283}