{"value_loss": 0.043248094618320465, "policy_loss": -0.0038065946674750604, "dist_entropy": 2.331237316131592, "actor_grad_norm": 0.06049367040395737, "critic_grad_norm": 0.25298023223876953, "ratio": 1.000212550163269, "average_episode_rewards": 184.14750695228577, "agent0/delivery_rate": 1.5625, "agent1/delivery_rate": 1.5625, "agent2/delivery_rate": 1.5625, "_step": 99296000, "_runtime": 183734, "_timestamp": 1722891470}