{"value_loss": 0.011411600653082133, "policy_loss": -0.008552133722355037, "dist_entropy": 2.306599259376526, "actor_grad_norm": 0.12085650861263275, "critic_grad_norm": 0.15512463450431824, "ratio": 1.0008623600006104, "average_episode_rewards": 220.74902057647705, "agent0/delivery_rate": 1.0, "agent1/delivery_rate": 1.0, "agent2/delivery_rate": 1.0, "_step": 9616000, "_runtime": 84413, "_timestamp": 1722891087}