{"value_loss": 0.005166127393022179, "policy_loss": -0.010344740873823532, "dist_entropy": 2.2109085083007813, "actor_grad_norm": 0.1281478852033615, "critic_grad_norm": 0.3491162359714508, "ratio": 0.9991709589958191, "average_episode_rewards": 173.16262423992157, "agent0/delivery_rate": 1.0625, "agent1/delivery_rate": 1.0625, "agent2/delivery_rate": 1.0625, "_step": 19696000, "_runtime": 171849, "_timestamp": 1722978523}