{"value_loss": 0.007372020231559873, "policy_loss": -0.009509770813087615, "dist_entropy": 2.218036913871765, "actor_grad_norm": 0.11033682525157928, "critic_grad_norm": 0.20638981461524963, "ratio": 0.9996581077575684, "average_episode_rewards": 175.72471499443054, "agent0/delivery_rate": 1.125, "agent1/delivery_rate": 1.125, "agent2/delivery_rate": 1.125, "_step": 24496000, "_runtime": 212852, "_timestamp": 1723019526}