{"value_loss": 0.06076608635485172, "policy_loss": -0.0018202250238585904, "dist_entropy": 2.355732226371765, "actor_grad_norm": 0.06028743460774422, "critic_grad_norm": 0.5880450010299683, "ratio": 0.999420166015625, "average_episode_rewards": 27.15516835451126, "agent0/delivery_rate": 1.375, "agent1/delivery_rate": 1.375, "agent2/delivery_rate": 1.375, "_step": 1048000, "_runtime": 2512, "_timestamp": 1722703973}