{"value_loss": 1.2505050264621786e-06, "policy_loss": -0.00019459284362994823, "dist_entropy": 2.4751976490020753, "actor_grad_norm": 0.006029684096574783, "critic_grad_norm": 0.011038505472242832, "ratio": 0.9999014139175415, "average_episode_rewards": 641094.2687988281, "agent0/delivery_rate": 7.0, "agent1/delivery_rate": 7.0, "agent2/delivery_rate": 7.0, "agent3/delivery_rate": 7.0, "agent4/delivery_rate": 7.0, "agent5/delivery_rate": 7.0, "agent6/delivery_rate": 7.0, "agent7/delivery_rate": 7.0, "agent8/delivery_rate": 7.0, "agent9/delivery_rate": 7.0, "_step": 106752000, "_runtime": 230945, "_timestamp": 1722520982}