{"value_loss": 0.4857189953327179, "policy_loss": -0.00012583480625103505, "dist_entropy": 2.6662004470825194, "actor_grad_norm": 0.00970037467777729, "critic_grad_norm": 0.3047097623348236, "ratio": 1.0000090599060059, "average_episode_rewards": -3.7500006146728992, "agent0/delivery_rate": 1.125, "agent1/delivery_rate": 1.125, "agent2/delivery_rate": 1.125, "agent3/delivery_rate": 1.125, "agent4/delivery_rate": 1.125, "agent5/delivery_rate": 1.125, "agent6/delivery_rate": 1.125, "agent7/delivery_rate": 1.125, "agent8/delivery_rate": 1.125, "agent9/delivery_rate": 1.125, "_runtime": 61545, "_timestamp": 1722178288, "_step": 74232000}