{"value_loss": 0.15335978865623473, "policy_loss": -0.0006378217500184302, "dist_entropy": 2.6622424840927126, "actor_grad_norm": 0.08028481155633926, "critic_grad_norm": 0.6861897706985474, "ratio": 0.9998742341995239, "average_episode_rewards": 47.49999940395355, "agent0/delivery_rate": 0.125, "agent1/delivery_rate": 0.125, "agent2/delivery_rate": 0.125, "agent3/delivery_rate": 0.125, "agent4/delivery_rate": 0.125, "agent5/delivery_rate": 0.125, "agent6/delivery_rate": 0.125, "agent7/delivery_rate": 0.125, "agent8/delivery_rate": 0.125, "agent9/delivery_rate": 0.125, "_runtime": 3665, "_timestamp": 1722188445, "_step": 252000}