{"value_loss": 0.407985919713974, "policy_loss": -0.00048693340889120057, "dist_entropy": 2.680698585510254, "actor_grad_norm": 0.011801308020949364, "critic_grad_norm": 0.09352435916662216, "ratio": 0.9999293684959412, "average_episode_rewards": 177.49997973442078, "agent0/delivery_rate": 0.375, "agent1/delivery_rate": 0.375, "agent2/delivery_rate": 0.375, "agent3/delivery_rate": 0.375, "agent4/delivery_rate": 0.375, "agent5/delivery_rate": 0.375, "agent6/delivery_rate": 0.375, "agent7/delivery_rate": 0.375, "agent8/delivery_rate": 0.375, "agent9/delivery_rate": 0.375, "_runtime": 89622, "_timestamp": 1722286542, "_step": 80328000}