{"value_loss": 1.4085849851852571e-06, "policy_loss": -0.0004426047394511912, "dist_entropy": 2.4095646381378173, "actor_grad_norm": 0.01882917247712612, "critic_grad_norm": 0.012610065750777721, "ratio": 1.000135064125061, "average_episode_rewards": 87882.79151916504, "agent0/delivery_rate": 0.875, "agent1/delivery_rate": 0.875, "agent2/delivery_rate": 0.875, "agent3/delivery_rate": 0.875, "agent4/delivery_rate": 0.875, "agent5/delivery_rate": 0.875, "agent6/delivery_rate": 0.875, "agent7/delivery_rate": 0.875, "agent8/delivery_rate": 0.875, "agent9/delivery_rate": 0.875, "_step": 30612000, "_runtime": 58860, "_timestamp": 1722348512}