{"value_loss": 0.501170027256012, "policy_loss": -0.0005817909278390765, "dist_entropy": 2.5839781522750855, "actor_grad_norm": 0.022342976182699203, "critic_grad_norm": 0.5946913361549377, "ratio": 0.9998038411140442, "average_episode_rewards": -6.250000325962901, "agent0/delivery_rate": 0.875, "agent1/delivery_rate": 0.875, "agent2/delivery_rate": 0.875, "agent3/delivery_rate": 0.875, "agent4/delivery_rate": 0.875, "agent5/delivery_rate": 0.875, "agent6/delivery_rate": 0.875, "agent7/delivery_rate": 0.875, "agent8/delivery_rate": 0.875, "agent9/delivery_rate": 0.875, "_runtime": 1128, "_timestamp": 1722112621, "_step": 732000}