{"value_loss": 0.4109113186597824, "policy_loss": -0.00021831421179481226, "dist_entropy": 2.6577128887176515, "actor_grad_norm": 0.010715523734688759, "critic_grad_norm": 0.3374246656894684, "ratio": 1.0000452995300293, "average_episode_rewards": -6.250001024454832, "agent0/delivery_rate": 0.875, "agent1/delivery_rate": 0.875, "agent2/delivery_rate": 0.875, "agent3/delivery_rate": 0.875, "agent4/delivery_rate": 0.875, "agent5/delivery_rate": 0.875, "agent6/delivery_rate": 0.875, "agent7/delivery_rate": 0.875, "agent8/delivery_rate": 0.875, "agent9/delivery_rate": 0.875, "_step": 54612000, "_runtime": 65141, "_timestamp": 1722181026}