{"value_loss": 0.5685786247253418, "policy_loss": -0.00031293227628630403, "dist_entropy": 2.548482894897461, "actor_grad_norm": 0.020752200856804848, "critic_grad_norm": 0.31286436319351196, "ratio": 0.9999750256538391, "average_episode_rewards": 349.871426820755, "agent0/delivery_rate": 1.8125, "agent1/delivery_rate": 1.8125, "agent2/delivery_rate": 1.8125, "agent3/delivery_rate": 1.8125, "agent4/delivery_rate": 1.8125, "agent5/delivery_rate": 1.8125, "agent6/delivery_rate": 1.8125, "agent7/delivery_rate": 1.8125, "agent8/delivery_rate": 1.8125, "agent9/delivery_rate": 1.8125, "_step": 6912000, "_runtime": 15951, "_timestamp": 1722633076}