{"value_loss": 0.059083206206560136, "policy_loss": -0.00015034137887068866, "dist_entropy": 2.4950207233428956, "actor_grad_norm": 0.008845409378409386, "critic_grad_norm": 3.672027587890625, "ratio": 0.999996542930603, "average_episode_rewards": 165.61928391456604, "agent0/delivery_rate": 0.6875, "agent1/delivery_rate": 0.6875, "agent2/delivery_rate": 0.6875, "agent3/delivery_rate": 0.6875, "agent4/delivery_rate": 0.6875, "agent5/delivery_rate": 0.6875, "agent6/delivery_rate": 0.6875, "agent7/delivery_rate": 0.6875, "agent8/delivery_rate": 0.6875, "agent9/delivery_rate": 0.6875, "_step": 79872000, "_runtime": 186288, "_timestamp": 1722803413}