{"value_loss": 0.15804048925638198, "policy_loss": -0.0008486001997270287, "dist_entropy": 2.5827299118041993, "actor_grad_norm": 0.06560909748077393, "critic_grad_norm": 0.9496618509292603, "ratio": 1.0001124143600464, "average_episode_rewards": 109.99998450279236, "agent0/delivery_rate": 0.25, "agent1/delivery_rate": 0.25, "agent2/delivery_rate": 0.25, "agent3/delivery_rate": 0.25, "agent4/delivery_rate": 0.25, "agent5/delivery_rate": 0.25, "agent6/delivery_rate": 0.25, "agent7/delivery_rate": 0.25, "agent8/delivery_rate": 0.25, "agent9/delivery_rate": 0.25, "_runtime": 7980, "_timestamp": 1722196755, "_step": 4932000}