{"value_loss": 0.30513293445110323, "policy_loss": -0.0009508500249870045, "dist_entropy": 2.5807525396347044, "actor_grad_norm": 0.07788242399692535, "critic_grad_norm": 0.4446873664855957, "ratio": 1.0000451803207397, "average_episode_rewards": 234.99999940395355, "agent0/delivery_rate": 0.5, "agent1/delivery_rate": 0.5, "agent2/delivery_rate": 0.5, "agent3/delivery_rate": 0.5, "agent4/delivery_rate": 0.5, "agent5/delivery_rate": 0.5, "agent6/delivery_rate": 0.5, "agent7/delivery_rate": 0.5, "agent8/delivery_rate": 0.5, "agent9/delivery_rate": 0.5, "_runtime": 7058, "_timestamp": 1722195833, "_step": 4332000}