{"value_loss": 0.29001089930534363, "policy_loss": -0.00016928682822765496, "dist_entropy": 2.5365886449813844, "actor_grad_norm": 0.013537449762225151, "critic_grad_norm": 1.1200082302093506, "ratio": 0.999984622001648, "average_episode_rewards": 22.67499640583992, "agent0/delivery_rate": 0.1875, "agent1/delivery_rate": 0.1875, "agent2/delivery_rate": 0.1875, "agent3/delivery_rate": 0.1875, "agent4/delivery_rate": 0.1875, "agent5/delivery_rate": 0.1875, "agent6/delivery_rate": 0.1875, "agent7/delivery_rate": 0.1875, "agent8/delivery_rate": 0.1875, "agent9/delivery_rate": 0.1875, "_step": 1152000, "_runtime": 3618, "_timestamp": 1722532360}