{"value_loss": 0.9063898086547851, "policy_loss": -0.0019290848471161582, "dist_entropy": 2.7025205850601197, "actor_grad_norm": 0.06549398601055145, "critic_grad_norm": 5.711078643798828, "ratio": 1.0005817413330078, "average_episode_rewards": 5672.49870300293, "agent0/delivery_rate": 6.5, "agent1/delivery_rate": 6.5, "agent2/delivery_rate": 6.5, "agent3/delivery_rate": 6.5, "agent4/delivery_rate": 6.5, "agent5/delivery_rate": 6.5, "agent6/delivery_rate": 6.5, "agent7/delivery_rate": 6.5, "agent8/delivery_rate": 6.5, "agent9/delivery_rate": 6.5, "_runtime": 169, "_timestamp": 1722288598, "_step": 12000}