{"value_loss": 0.7418093860149384, "policy_loss": -0.00018065118642809352, "dist_entropy": 2.6287101984024046, "actor_grad_norm": 0.012730895541608334, "critic_grad_norm": 0.4471091330051422, "ratio": 1.0000402927398682, "average_episode_rewards": 1.2499981094151735, "agent0/delivery_rate": 1.625, "agent1/delivery_rate": 1.625, "agent2/delivery_rate": 1.625, "agent3/delivery_rate": 1.625, "agent4/delivery_rate": 1.625, "agent5/delivery_rate": 1.625, "agent6/delivery_rate": 1.625, "agent7/delivery_rate": 1.625, "agent8/delivery_rate": 1.625, "agent9/delivery_rate": 1.625, "_step": 70932000, "_runtime": 65707, "_timestamp": 1722181024}