{"value_loss": 1.0008784234523773, "policy_loss": -0.0012919058141376283, "dist_entropy": 2.702696108818054, "actor_grad_norm": 0.02471417747437954, "critic_grad_norm": 2.3701720237731934, "ratio": 0.9999855160713196, "average_episode_rewards": -12.49999925494194, "agent0/delivery_rate": 0.25, "agent1/delivery_rate": 0.25, "agent2/delivery_rate": 0.25, "agent3/delivery_rate": 0.25, "agent4/delivery_rate": 0.25, "agent5/delivery_rate": 0.25, "agent6/delivery_rate": 0.25, "agent7/delivery_rate": 0.25, "agent8/delivery_rate": 0.25, "agent9/delivery_rate": 0.25, "_runtime": 104, "_timestamp": 1722112584, "_step": 12000}