{"value_loss": 0.7213096916675568, "policy_loss": -0.0007651626399329814, "dist_entropy": 2.6854642152786257, "actor_grad_norm": 0.12638193368911743, "critic_grad_norm": 1.532369613647461, "ratio": 0.9997682571411133, "average_episode_rewards": 234.99997705221176, "agent0/delivery_rate": 0.5, "agent1/delivery_rate": 0.5, "agent2/delivery_rate": 0.5, "agent3/delivery_rate": 0.5, "agent4/delivery_rate": 0.5, "agent5/delivery_rate": 0.5, "agent6/delivery_rate": 0.5, "agent7/delivery_rate": 0.5, "agent8/delivery_rate": 0.5, "agent9/delivery_rate": 0.5, "_runtime": 3149, "_timestamp": 1722195642, "_step": 192000}