{"value_loss": 0.00044697064004139975, "policy_loss": 0.002424883414875012, "dist_entropy": 2.6844298124313353, "actor_grad_norm": 0.5007898211479187, "critic_grad_norm": 0.4050356447696686, "ratio": 0.9999972581863403, "average_episode_rewards": -14.999998267740011, "agent0/delivery_rate": 0.0, "agent1/delivery_rate": 0.0, "agent2/delivery_rate": 0.0, "agent3/delivery_rate": 0.0, "agent4/delivery_rate": 0.0, "agent5/delivery_rate": 0.0, "agent6/delivery_rate": 0.0, "agent7/delivery_rate": 0.0, "agent8/delivery_rate": 0.0, "agent9/delivery_rate": 0.0, "_runtime": 3884, "_timestamp": 1722196377, "_step": 252000}