{"value_loss": 2.5207801400028986e-06, "policy_loss": -0.00011527218092179936, "dist_entropy": 2.6782390594482424, "actor_grad_norm": 0.00768976379185915, "critic_grad_norm": 0.0011503527639433742, "ratio": 1.0000475645065308, "average_episode_rewards": -14.999998267740011, "agent0/delivery_rate": 7.375, "agent1/delivery_rate": 7.375, "agent2/delivery_rate": 7.375, "agent3/delivery_rate": 7.375, "agent4/delivery_rate": 7.375, "agent5/delivery_rate": 7.375, "agent6/delivery_rate": 7.375, "agent7/delivery_rate": 7.375, "agent8/delivery_rate": 7.375, "agent9/delivery_rate": 7.375, "_runtime": 9776, "_timestamp": 1722112692, "_step": 7092000}