{"value_loss": 1.2289130210876464, "policy_loss": -0.009280497871804983, "dist_entropy": 2.554608178138733, "actor_grad_norm": 0.0992545634508133, "critic_grad_norm": 4.3362627029418945, "ratio": 0.9986609220504761, "average_episode_rewards": -2.314255805686116, "agent0/delivery_rate": 1.0, "agent1/delivery_rate": 1.0, "agent2/delivery_rate": 1.0, "agent3/delivery_rate": 1.0, "agent4/delivery_rate": 1.0, "agent5/delivery_rate": 1.0, "agent6/delivery_rate": 1.0, "agent7/delivery_rate": 1.0, "agent8/delivery_rate": 1.0, "agent9/delivery_rate": 1.0, "_step": 500, "_runtime": 16, "_timestamp": 1723397957}