{"value_loss": 0.021358181536197663, "policy_loss": -0.00016259028569400868, "dist_entropy": 2.6307994604110716, "actor_grad_norm": 0.017100805416703224, "critic_grad_norm": 0.24120116233825684, "ratio": 1.000051736831665, "average_episode_rewards": 176.28860101103783, "agent0/delivery_rate": 2.96875, "agent1/delivery_rate": 2.96875, "agent2/delivery_rate": 2.96875, "agent3/delivery_rate": 2.96875, "agent4/delivery_rate": 2.96875, "agent5/delivery_rate": 2.96875, "agent6/delivery_rate": 2.96875, "agent7/delivery_rate": 2.96875, "agent8/delivery_rate": 2.96875, "agent9/delivery_rate": 2.96875, "_step": 12048000, "_runtime": 18595, "_timestamp": 1722024368}