{"value_loss": 0.006789339613169432, "policy_loss": -7.05524993222184e-05, "dist_entropy": 2.636484694480896, "actor_grad_norm": 0.0034910230897367, "critic_grad_norm": 0.20568275451660156, "ratio": 1.0000089406967163, "average_episode_rewards": 188.44617158174515, "agent0/delivery_rate": 3.15625, "agent1/delivery_rate": 3.15625, "agent2/delivery_rate": 3.15625, "agent3/delivery_rate": 3.15625, "agent4/delivery_rate": 3.15625, "agent5/delivery_rate": 3.15625, "agent6/delivery_rate": 3.15625, "agent7/delivery_rate": 3.15625, "agent8/delivery_rate": 3.15625, "agent9/delivery_rate": 3.15625, "_step": 65328000, "_runtime": 107751, "_timestamp": 1722113524}