{"value_loss": 0.00047292057715822013, "policy_loss": -0.0004062362842300438, "dist_entropy": 2.623795008659363, "actor_grad_norm": 0.02262147143483162, "critic_grad_norm": 0.01262433361262083, "ratio": 1.0000962018966675, "average_episode_rewards": -14.999998267740011, "agent0/delivery_rate": 5.875, "agent1/delivery_rate": 5.875, "agent2/delivery_rate": 5.875, "agent3/delivery_rate": 5.875, "agent4/delivery_rate": 5.875, "agent5/delivery_rate": 5.875, "agent6/delivery_rate": 5.875, "agent7/delivery_rate": 5.875, "agent8/delivery_rate": 5.875, "agent9/delivery_rate": 5.875, "_step": 1332000, "_runtime": 1456, "_timestamp": 1722185246}