{"value_loss": 0.07846925854682922, "policy_loss": -0.004030160552790996, "dist_entropy": 1.082912302017212, "actor_grad_norm": 0.5656673312187195, "critic_grad_norm": 0.05687616392970085, "ratio": 0.9984524846076965, "average_episode_rewards": 147.2674012184143, "agent0/delivery_rate": 1.4375, "agent1/delivery_rate": 1.4375, "agent2/delivery_rate": 1.4375, "_step": 40336000, "_runtime": 73165, "_timestamp": 1723400361}