{"value_loss": 0.2010422632098198, "policy_loss": -0.000505356092130782, "dist_entropy": 2.6580697536468505, "actor_grad_norm": 0.020204875618219376, "critic_grad_norm": 1.196991205215454, "ratio": 0.9998480081558228, "average_episode_rewards": -13.749998062849045, "agent0/delivery_rate": 0.125, "agent1/delivery_rate": 0.125, "agent2/delivery_rate": 0.125, "agent3/delivery_rate": 0.125, "agent4/delivery_rate": 0.125, "agent5/delivery_rate": 0.125, "agent6/delivery_rate": 0.125, "agent7/delivery_rate": 0.125, "agent8/delivery_rate": 0.125, "agent9/delivery_rate": 0.125, "_runtime": 176, "_timestamp": 1722112463, "_step": 72000}