{"value_loss": 0.014632843993604183, "policy_loss": -0.00013565220735429763, "dist_entropy": 2.6240739583969117, "actor_grad_norm": 0.007352200336754322, "critic_grad_norm": 0.11998593807220459, "ratio": 1.0000075101852417, "average_episode_rewards": 379620.25451660156, "agent0/delivery_rate": 5.0, "agent1/delivery_rate": 5.0, "agent2/delivery_rate": 5.0, "agent3/delivery_rate": 5.0, "agent4/delivery_rate": 5.0, "agent5/delivery_rate": 5.0, "agent6/delivery_rate": 5.0, "agent7/delivery_rate": 5.0, "agent8/delivery_rate": 5.0, "agent9/delivery_rate": 5.0, "_step": 13752000, "_runtime": 14142, "_timestamp": 1722199803}