{"value_loss": 0.41952869296073914, "policy_loss": -0.00012232026938074902, "dist_entropy": 2.6627004384994506, "actor_grad_norm": 0.006096792407333851, "critic_grad_norm": 0.10259599983692169, "ratio": 0.9999887347221375, "average_episode_rewards": 359.99996960163116, "agent0/delivery_rate": 0.75, "agent1/delivery_rate": 0.75, "agent2/delivery_rate": 0.75, "agent3/delivery_rate": 0.75, "agent4/delivery_rate": 0.75, "agent5/delivery_rate": 0.75, "agent6/delivery_rate": 0.75, "agent7/delivery_rate": 0.75, "agent8/delivery_rate": 0.75, "agent9/delivery_rate": 0.75, "_step": 59952000, "_runtime": 89869, "_timestamp": 1722289115}