{"value_loss": 1.1333045495121042e-05, "policy_loss": -0.000520627496268311, "dist_entropy": 2.622635293006897, "actor_grad_norm": 0.010790222324430943, "critic_grad_norm": 0.007762436755001545, "ratio": 0.9999564290046692, "average_episode_rewards": 723439.1326904297, "agent0/delivery_rate": 8.125, "agent1/delivery_rate": 8.125, "agent2/delivery_rate": 8.125, "agent3/delivery_rate": 8.125, "agent4/delivery_rate": 8.125, "agent5/delivery_rate": 8.125, "agent6/delivery_rate": 8.125, "agent7/delivery_rate": 8.125, "agent8/delivery_rate": 8.125, "agent9/delivery_rate": 8.125, "_runtime": 85464, "_timestamp": 1722376150, "_step": 42852000}