{"value_loss": 4.217022033117246e-05, "policy_loss": -0.0003219269548734971, "dist_entropy": 2.655788707733154, "actor_grad_norm": 0.007271234877407551, "critic_grad_norm": 0.016640912741422653, "ratio": 1.000002145767212, "average_episode_rewards": 718809.814453125, "agent0/delivery_rate": 8.125, "agent1/delivery_rate": 8.125, "agent2/delivery_rate": 8.125, "agent3/delivery_rate": 8.125, "agent4/delivery_rate": 8.125, "agent5/delivery_rate": 8.125, "agent6/delivery_rate": 8.125, "agent7/delivery_rate": 8.125, "agent8/delivery_rate": 8.125, "agent9/delivery_rate": 8.125, "_runtime": 85342, "_timestamp": 1722376028, "_step": 42792000}