{"value_loss": 0.012177594937384129, "policy_loss": -0.00018600565531778912, "dist_entropy": 2.6896666049957276, "actor_grad_norm": 0.025431320071220398, "critic_grad_norm": 0.5011916756629944, "ratio": 1.000004529953003, "average_episode_rewards": 2220810.546875, "agent0/delivery_rate": 0.625, "agent1/delivery_rate": 0.625, "agent2/delivery_rate": 0.625, "agent3/delivery_rate": 0.625, "agent4/delivery_rate": 0.625, "agent5/delivery_rate": 0.625, "agent6/delivery_rate": 0.625, "agent7/delivery_rate": 0.625, "agent8/delivery_rate": 0.625, "agent9/delivery_rate": 0.625, "_runtime": 2383, "_timestamp": 1722616518, "_step": 2080000}