{"value_loss": 1.0225402653217315, "policy_loss": -0.000914339501503747, "dist_entropy": 2.706717348098755, "actor_grad_norm": 0.0721159502863884, "critic_grad_norm": 5.3721089363098145, "ratio": 1.0002392530441284, "average_episode_rewards": 4614.999771118164, "agent0/delivery_rate": 6.75, "agent1/delivery_rate": 6.75, "agent2/delivery_rate": 6.75, "agent3/delivery_rate": 6.75, "agent4/delivery_rate": 6.75, "agent5/delivery_rate": 6.75, "agent6/delivery_rate": 6.75, "agent7/delivery_rate": 6.75, "agent8/delivery_rate": 6.75, "agent9/delivery_rate": 6.75, "_runtime": 104, "_timestamp": 1722198745, "_step": 8000}