{"value_loss": 1.1933940004382749e-05, "policy_loss": -0.0001272779317390338, "dist_entropy": 2.5474680185317995, "actor_grad_norm": 0.004507679957896471, "critic_grad_norm": 0.0071374098770320415, "ratio": 0.9999514818191528, "average_episode_rewards": 703523.6663818359, "agent0/delivery_rate": 7.75, "agent1/delivery_rate": 7.75, "agent2/delivery_rate": 7.75, "agent3/delivery_rate": 7.75, "agent4/delivery_rate": 7.75, "agent5/delivery_rate": 7.75, "agent6/delivery_rate": 7.75, "agent7/delivery_rate": 7.75, "agent8/delivery_rate": 7.75, "agent9/delivery_rate": 7.75, "_step": 92772000, "_runtime": 72792, "_timestamp": 1722274542}