{"value_loss": 2.732812895089864e-07, "policy_loss": -0.00011174053561955333, "dist_entropy": 2.4734322309494017, "actor_grad_norm": 0.005473909433931112, "critic_grad_norm": 0.001727600465528667, "ratio": 0.9999505877494812, "average_episode_rewards": 650192.5048828125, "agent0/delivery_rate": 7.125, "agent1/delivery_rate": 7.125, "agent2/delivery_rate": 7.125, "agent3/delivery_rate": 7.125, "agent4/delivery_rate": 7.125, "agent5/delivery_rate": 7.125, "agent6/delivery_rate": 7.125, "agent7/delivery_rate": 7.125, "agent8/delivery_rate": 7.125, "agent9/delivery_rate": 7.125, "_step": 199992000, "_runtime": 177324, "_timestamp": 1722379074}