{"value_loss": 0.9172347903251648, "policy_loss": -0.004958946029364597, "dist_entropy": 2.5585309267044067, "actor_grad_norm": 0.06791423261165619, "critic_grad_norm": 3.599583864212036, "ratio": 1.00063157081604, "average_episode_rewards": -4.437326919287443, "agent0/delivery_rate": 4.0, "agent1/delivery_rate": 4.0, "agent2/delivery_rate": 4.0, "agent3/delivery_rate": 4.0, "agent4/delivery_rate": 4.0, "agent5/delivery_rate": 4.0, "agent6/delivery_rate": 4.0, "agent7/delivery_rate": 4.0, "agent8/delivery_rate": 4.0, "agent9/delivery_rate": 4.0, "_step": 2000, "_runtime": 52, "_timestamp": 1723390719}