{"value_loss": 0.280293707549572, "policy_loss": -0.0006139202282287925, "dist_entropy": 2.5375270366668703, "actor_grad_norm": 0.0445060133934021, "critic_grad_norm": 2.1249613761901855, "ratio": 0.9999899864196777, "average_episode_rewards": 542303.7414550781, "agent0/delivery_rate": 6.0, "agent1/delivery_rate": 6.0, "agent2/delivery_rate": 6.0, "agent3/delivery_rate": 6.0, "agent4/delivery_rate": 6.0, "agent5/delivery_rate": 6.0, "agent6/delivery_rate": 6.0, "agent7/delivery_rate": 6.0, "agent8/delivery_rate": 6.0, "agent9/delivery_rate": 6.0, "_step": 72000, "_runtime": 270, "_timestamp": 1722272624}