{"value_loss": 0.36347354352474215, "policy_loss": -0.0009960544784284764, "dist_entropy": 2.6037357091903686, "actor_grad_norm": 0.060175854712724686, "critic_grad_norm": 1.1675500869750977, "ratio": 0.9997256398200989, "average_episode_rewards": 105.79844936728477, "agent0/delivery_rate": 3.0, "agent1/delivery_rate": 3.0, "agent2/delivery_rate": 3.0, "agent3/delivery_rate": 3.0, "agent4/delivery_rate": 3.0, "agent5/delivery_rate": 3.0, "agent6/delivery_rate": 3.0, "agent7/delivery_rate": 3.0, "agent8/delivery_rate": 3.0, "agent9/delivery_rate": 3.0, "_step": 168000, "_runtime": 538, "_timestamp": 1721995571}