{"value_loss": 1.693697488307953, "policy_loss": -0.003736439354935328, "dist_entropy": 2.556900715827942, "actor_grad_norm": 0.08908016234636307, "critic_grad_norm": 14.148633003234863, "ratio": 0.9996021389961243, "average_episode_rewards": 143.82676780223846, "agent0/delivery_rate": 1.625, "agent1/delivery_rate": 1.625, "agent2/delivery_rate": 1.625, "_step": 8000, "_runtime": 113, "_timestamp": 1722705261}