{"value_loss": 0.09093986004590988, "policy_loss": -0.008909958845470101, "dist_entropy": 1.9854673385620116, "actor_grad_norm": 0.3392859995365143, "critic_grad_norm": 1.2880810499191284, "ratio": 1.006019115447998, "average_episode_rewards": 12.6720130443573, "agent0/delivery_rate": 1.0, "agent1/delivery_rate": 1.0, "agent2/delivery_rate": 1.0, "agent3/delivery_rate": 1.0, "agent4/delivery_rate": 1.0, "agent5/delivery_rate": 1.0, "agent6/delivery_rate": 1.0, "agent7/delivery_rate": 1.0, "agent8/delivery_rate": 1.0, "agent9/delivery_rate": 1.0, "_runtime": 30, "_timestamp": 1721990202, "_step": 3550}