{"value_loss": 0.0003322766067867633, "policy_loss": -0.00028644966480588784, "dist_entropy": 2.6540530204772947, "actor_grad_norm": 0.007306189276278019, "critic_grad_norm": 0.09715154021978378, "ratio": 0.9999432563781738, "average_episode_rewards": 575506.2103271484, "agent0/delivery_rate": 6.5, "agent1/delivery_rate": 6.5, "agent2/delivery_rate": 6.5, "agent3/delivery_rate": 6.5, "agent4/delivery_rate": 6.5, "agent5/delivery_rate": 6.5, "agent6/delivery_rate": 6.5, "agent7/delivery_rate": 6.5, "agent8/delivery_rate": 6.5, "agent9/delivery_rate": 6.5, "_runtime": 87432, "_timestamp": 1722376204, "_step": 43572000}