{"value_loss": 0.00016829758169478737, "policy_loss": -0.0003315469969470186, "dist_entropy": 2.664639782905579, "actor_grad_norm": 0.008071700111031532, "critic_grad_norm": 0.051324088126420975, "ratio": 0.9998543858528137, "average_episode_rewards": 726269.8059082031, "agent0/delivery_rate": 8.0, "agent1/delivery_rate": 8.0, "agent2/delivery_rate": 8.0, "agent3/delivery_rate": 8.0, "agent4/delivery_rate": 8.0, "agent5/delivery_rate": 8.0, "agent6/delivery_rate": 8.0, "agent7/delivery_rate": 8.0, "agent8/delivery_rate": 8.0, "agent9/delivery_rate": 8.0, "_runtime": 87299, "_timestamp": 1722376071, "_step": 43512000}