{"value_loss": 1.3734843254089355, "policy_loss": -0.003006734857956572, "dist_entropy": 2.5589625358581545, "actor_grad_norm": 0.14264312386512756, "critic_grad_norm": 8.485607147216797, "ratio": 0.9997193217277527, "average_episode_rewards": -3.42766591347754, "agent0/delivery_rate": 0.875, "agent1/delivery_rate": 0.875, "agent2/delivery_rate": 0.875, "_step": 8000, "_runtime": 118, "_timestamp": 1722704295}