{"value_loss": 0.05524909608066082, "policy_loss": -0.002122758314746864, "dist_entropy": 2.4052871227264405, "actor_grad_norm": 0.09109211713075638, "critic_grad_norm": 0.7101413607597351, "ratio": 1.000218391418457, "average_episode_rewards": 97.9156494140625, "agent0/delivery_rate": 0.75, "agent1/delivery_rate": 0.75, "agent2/delivery_rate": 0.75, "_step": 1208000, "_runtime": 2840, "_timestamp": 1722707375}