{"value_loss": 0.09441448673605919, "policy_loss": -2.2310458330565552e-05, "dist_entropy": 2.5636690616607667, "actor_grad_norm": 0.0016378021100535989, "critic_grad_norm": 0.2729683816432953, "ratio": 1.0000187158584595, "average_episode_rewards": 6757.339954376221, "agent0/delivery_rate": 0.1875, "agent1/delivery_rate": 0.1875, "agent2/delivery_rate": 0.1875, "agent3/delivery_rate": 0.1875, "agent4/delivery_rate": 0.1875, "agent5/delivery_rate": 0.1875, "agent6/delivery_rate": 0.1875, "agent7/delivery_rate": 0.1875, "agent8/delivery_rate": 0.1875, "agent9/delivery_rate": 0.1875, "_step": 47072000, "_runtime": 80544, "_timestamp": 1722614255}