{"value_loss": 0.07909811548888683, "policy_loss": -5.7674026471943305e-06, "dist_entropy": 2.561734938621521, "actor_grad_norm": 0.0013872557319700718, "critic_grad_norm": 1.0827858448028564, "ratio": 0.9999716877937317, "average_episode_rewards": -4351.053237915039, "agent0/delivery_rate": 0.1875, "agent1/delivery_rate": 0.1875, "agent2/delivery_rate": 0.1875, "agent3/delivery_rate": 0.1875, "agent4/delivery_rate": 0.1875, "agent5/delivery_rate": 0.1875, "agent6/delivery_rate": 0.1875, "agent7/delivery_rate": 0.1875, "agent8/delivery_rate": 0.1875, "agent9/delivery_rate": 0.1875, "_step": 149792000, "_runtime": 269618, "_timestamp": 1722803329}