{"value_loss": 0.20683573484420775, "policy_loss": -0.0005810300680975545, "dist_entropy": 2.644944190979004, "actor_grad_norm": 0.03215523809194565, "critic_grad_norm": 0.2642847001552582, "ratio": 0.9999373555183411, "average_episode_rewards": -13.749998062849045, "agent0/delivery_rate": 3.5, "agent1/delivery_rate": 3.5, "agent2/delivery_rate": 3.5, "agent3/delivery_rate": 3.5, "agent4/delivery_rate": 3.5, "agent5/delivery_rate": 3.5, "agent6/delivery_rate": 3.5, "agent7/delivery_rate": 3.5, "agent8/delivery_rate": 3.5, "agent9/delivery_rate": 3.5, "_runtime": 515, "_timestamp": 1722102359, "_step": 312000}