{"value_loss": 0.067531868070364, "policy_loss": -2.332810958494136e-05, "dist_entropy": 2.703969955444336, "actor_grad_norm": 0.0013120195362716913, "critic_grad_norm": 0.5896767377853394, "ratio": 1.0000078678131104, "average_episode_rewards": 193.72016191482544, "agent0/delivery_rate": 0.625, "agent1/delivery_rate": 0.625, "agent2/delivery_rate": 0.625, "agent3/delivery_rate": 0.625, "agent4/delivery_rate": 0.625, "agent5/delivery_rate": 0.625, "agent6/delivery_rate": 0.625, "agent7/delivery_rate": 0.625, "agent8/delivery_rate": 0.625, "agent9/delivery_rate": 0.625, "_runtime": 149935, "_timestamp": 1722766602, "_step": 199680000, "_wandb": {"runtime": 149934}}