{"value_loss": 0.1300969421863556, "policy_loss": -0.00013461235943772464, "dist_entropy": 2.6938168525695803, "actor_grad_norm": 0.014729144051671028, "critic_grad_norm": 1.27316153049469, "ratio": 1.000048041343689, "average_episode_rewards": -40.89094698429108, "agent0/delivery_rate": 0.625, "agent1/delivery_rate": 0.625, "agent2/delivery_rate": 0.625, "agent3/delivery_rate": 0.625, "agent4/delivery_rate": 0.625, "agent5/delivery_rate": 0.625, "agent6/delivery_rate": 0.625, "agent7/delivery_rate": 0.625, "agent8/delivery_rate": 0.625, "agent9/delivery_rate": 0.625, "_runtime": 17036, "_timestamp": 1722633703, "_step": 22080000}