{"value_loss": 0.0016481106402352452, "policy_loss": -0.0003806275561823114, "dist_entropy": 2.6459152936935424, "actor_grad_norm": 0.01810576394200325, "critic_grad_norm": 0.08278057724237442, "ratio": 0.9998905062675476, "average_episode_rewards": -14.999998267740011, "agent0/delivery_rate": 3.625, "agent1/delivery_rate": 3.625, "agent2/delivery_rate": 3.625, "agent3/delivery_rate": 3.625, "agent4/delivery_rate": 3.625, "agent5/delivery_rate": 3.625, "agent6/delivery_rate": 3.625, "agent7/delivery_rate": 3.625, "agent8/delivery_rate": 3.625, "agent9/delivery_rate": 3.625, "_step": 672000, "_runtime": 994, "_timestamp": 1722185219}