{"value_loss": 2.348813718557358, "policy_loss": -0.0010882719397841355, "dist_entropy": 2.5598103284835814, "actor_grad_norm": 0.1790873259305954, "critic_grad_norm": 30.582942962646484, "ratio": 1.000253438949585, "average_episode_rewards": 1.5977969160303473, "agent0/delivery_rate": 0.625, "agent1/delivery_rate": 0.625, "agent2/delivery_rate": 0.625, "_runtime": 328, "_timestamp": 1722886265, "_step": 16000}