{"value_loss": 0.561036491394043, "policy_loss": -0.00021387152062030124, "dist_entropy": 2.656689667701721, "actor_grad_norm": 0.008866521529853344, "critic_grad_norm": 0.12700921297073364, "ratio": 0.9999611973762512, "average_episode_rewards": -3.750002011656761, "agent0/delivery_rate": 1.125, "agent1/delivery_rate": 1.125, "agent2/delivery_rate": 1.125, "agent3/delivery_rate": 1.125, "agent4/delivery_rate": 1.125, "agent5/delivery_rate": 1.125, "agent6/delivery_rate": 1.125, "agent7/delivery_rate": 1.125, "agent8/delivery_rate": 1.125, "agent9/delivery_rate": 1.125, "_runtime": 65597, "_timestamp": 1722178300, "_step": 79572000}