{"value_loss": 0.4775164157152176, "policy_loss": -0.0004031803585555993, "dist_entropy": 2.632520818710327, "actor_grad_norm": 0.01623489335179329, "critic_grad_norm": 0.3136848509311676, "ratio": 0.9998365640640259, "average_episode_rewards": -7.5000005308538675, "agent0/delivery_rate": 0.75, "agent1/delivery_rate": 0.75, "agent2/delivery_rate": 0.75, "agent3/delivery_rate": 0.75, "agent4/delivery_rate": 0.75, "agent5/delivery_rate": 0.75, "agent6/delivery_rate": 0.75, "agent7/delivery_rate": 0.75, "agent8/delivery_rate": 0.75, "agent9/delivery_rate": 0.75, "_runtime": 2381, "_timestamp": 1722115084, "_step": 2832000}