{"value_loss": 0.5242287039756774, "policy_loss": -0.0003351320223799581, "dist_entropy": 2.641065526008606, "actor_grad_norm": 0.017441056668758392, "critic_grad_norm": 0.20452120900154114, "ratio": 1.0000685453414917, "average_episode_rewards": -8.750000037252903, "agent0/delivery_rate": 0.625, "agent1/delivery_rate": 0.625, "agent2/delivery_rate": 0.625, "agent3/delivery_rate": 0.625, "agent4/delivery_rate": 0.625, "agent5/delivery_rate": 0.625, "agent6/delivery_rate": 0.625, "agent7/delivery_rate": 0.625, "agent8/delivery_rate": 0.625, "agent9/delivery_rate": 0.625, "_runtime": 943, "_timestamp": 1722113646, "_step": 1032000}