{"value_loss": 2.3645770251750946, "policy_loss": -0.0019310612985350417, "dist_entropy": 2.5600031852722167, "actor_grad_norm": 0.09504912793636322, "critic_grad_norm": 18.430999755859375, "ratio": 0.9997227787971497, "average_episode_rewards": 0.4846061929129064, "agent0/delivery_rate": 0.65625, "agent1/delivery_rate": 0.65625, "agent2/delivery_rate": 0.65625, "_runtime": 215, "_timestamp": 1723327036, "_step": 32000, "_wandb": {"runtime": 212}}