{"value_loss": 0.40454945862293246, "policy_loss": -0.0003267650903501007, "dist_entropy": 2.515504813194275, "actor_grad_norm": 0.015448975376784801, "critic_grad_norm": 1.6022697687149048, "ratio": 0.9999901056289673, "average_episode_rewards": 19189.159870147705, "agent0/delivery_rate": 0.5, "agent1/delivery_rate": 0.5, "agent2/delivery_rate": 0.5, "agent3/delivery_rate": 0.5, "agent4/delivery_rate": 0.5, "agent5/delivery_rate": 0.5, "agent6/delivery_rate": 0.5, "agent7/delivery_rate": 0.5, "agent8/delivery_rate": 0.5, "agent9/delivery_rate": 0.5, "_step": 6372000, "_runtime": 14184, "_timestamp": 1722287688}