{"value_loss": 0.14129643589258195, "policy_loss": -0.0008173748358463407, "dist_entropy": 2.471268963813782, "actor_grad_norm": 0.062314778566360474, "critic_grad_norm": 1.3744771480560303, "ratio": 0.9999634027481079, "average_episode_rewards": 3747.1429109573364, "agent0/delivery_rate": 0.125, "agent1/delivery_rate": 0.125, "agent2/delivery_rate": 0.125, "agent3/delivery_rate": 0.125, "agent4/delivery_rate": 0.125, "agent5/delivery_rate": 0.125, "agent6/delivery_rate": 0.125, "agent7/delivery_rate": 0.125, "agent8/delivery_rate": 0.125, "agent9/delivery_rate": 0.125, "_step": 432000, "_runtime": 1013, "_timestamp": 1722274517}