{"value_loss": 6.559486428159289e-05, "policy_loss": -0.0002502923588604489, "dist_entropy": 2.668678116798401, "actor_grad_norm": 0.010625718161463737, "critic_grad_norm": 0.041052378714084625, "ratio": 0.9999794960021973, "average_episode_rewards": 4745.508313179016, "agent0/delivery_rate": 8.5, "agent1/delivery_rate": 8.5, "agent2/delivery_rate": 8.5, "agent3/delivery_rate": 8.5, "agent4/delivery_rate": 8.5, "agent5/delivery_rate": 8.5, "agent6/delivery_rate": 8.5, "agent7/delivery_rate": 8.5, "agent8/delivery_rate": 8.5, "agent9/delivery_rate": 8.5, "_runtime": 33675, "_timestamp": 1722023917, "_step": 9408000}