{"value_loss": 0.01744907135143876, "policy_loss": -0.0006309041409192417, "dist_entropy": 2.6355852842330934, "actor_grad_norm": 0.03723273426294327, "critic_grad_norm": 0.1829693764448166, "ratio": 0.999943733215332, "average_episode_rewards": -14.999999664723873, "agent0/delivery_rate": 2.5, "agent1/delivery_rate": 2.5, "agent2/delivery_rate": 2.5, "agent3/delivery_rate": 2.5, "agent4/delivery_rate": 2.5, "agent5/delivery_rate": 2.5, "agent6/delivery_rate": 2.5, "agent7/delivery_rate": 2.5, "agent8/delivery_rate": 2.5, "agent9/delivery_rate": 2.5, "_runtime": 190, "_timestamp": 1722089034, "_step": 48000}