{"value_loss": 0.3000122308731079, "policy_loss": -0.0010736523692604805, "dist_entropy": 2.558876061439514, "actor_grad_norm": 0.08370436728000641, "critic_grad_norm": 0.5167481303215027, "ratio": 0.9997286200523376, "average_episode_rewards": -8.750000037252903, "agent0/delivery_rate": 0.625, "agent1/delivery_rate": 0.625, "agent2/delivery_rate": 0.625, "agent3/delivery_rate": 0.625, "agent4/delivery_rate": 0.625, "agent5/delivery_rate": 0.625, "agent6/delivery_rate": 0.625, "agent7/delivery_rate": 0.625, "agent8/delivery_rate": 0.625, "agent9/delivery_rate": 0.625, "_runtime": 5671, "_timestamp": 1722188306, "_step": 3792000}