{"value_loss": 0.010025392100214959, "policy_loss": -0.0003601999245917753, "dist_entropy": 2.669530487060547, "actor_grad_norm": 0.16653642058372498, "critic_grad_norm": 0.2626534402370453, "ratio": 1.000022292137146, "average_episode_rewards": -14.999998267740011, "agent0/delivery_rate": 0.0, "agent1/delivery_rate": 0.0, "agent2/delivery_rate": 0.0, "agent3/delivery_rate": 0.0, "agent4/delivery_rate": 0.0, "agent5/delivery_rate": 0.0, "agent6/delivery_rate": 0.0, "agent7/delivery_rate": 0.0, "agent8/delivery_rate": 0.0, "agent9/delivery_rate": 0.0, "_runtime": 436, "_timestamp": 1722183071, "_step": 252000}