{"value_loss": 0.36638592183589935, "policy_loss": -0.0006357955347948696, "dist_entropy": 2.531549310684204, "actor_grad_norm": 0.04781315475702286, "critic_grad_norm": 1.3517464399337769, "ratio": 1.0000088214874268, "average_episode_rewards": 8167.060375213623, "agent0/delivery_rate": 0.125, "agent1/delivery_rate": 0.125, "agent2/delivery_rate": 0.125, "agent3/delivery_rate": 0.125, "agent4/delivery_rate": 0.125, "agent5/delivery_rate": 0.125, "agent6/delivery_rate": 0.125, "agent7/delivery_rate": 0.125, "agent8/delivery_rate": 0.125, "agent9/delivery_rate": 0.125, "_step": 132000, "_runtime": 479, "_timestamp": 1722275292}