{"value_loss": 0.3975720524787903, "policy_loss": -8.72909632613883e-05, "dist_entropy": 2.5616455554962156, "actor_grad_norm": 0.003377610119059682, "critic_grad_norm": 0.816872775554657, "ratio": 0.9999712109565735, "average_episode_rewards": 730.3754687309265, "agent0/delivery_rate": 2.5, "agent1/delivery_rate": 2.5, "agent2/delivery_rate": 2.5, "agent3/delivery_rate": 2.5, "agent4/delivery_rate": 2.5, "agent5/delivery_rate": 2.5, "agent6/delivery_rate": 2.5, "agent7/delivery_rate": 2.5, "agent8/delivery_rate": 2.5, "agent9/delivery_rate": 2.5, "_step": 31136000, "_runtime": 180960, "_timestamp": 1722803232}