{"value_loss": 0.26600695550441744, "policy_loss": -0.0004759240993776004, "dist_entropy": 2.5356279373168946, "actor_grad_norm": 0.03569825738668442, "critic_grad_norm": 0.5917951464653015, "ratio": 0.9997720718383789, "average_episode_rewards": 333.51922035217285, "agent0/delivery_rate": 1.375, "agent1/delivery_rate": 1.375, "agent2/delivery_rate": 1.375, "agent3/delivery_rate": 1.375, "agent4/delivery_rate": 1.375, "agent5/delivery_rate": 1.375, "agent6/delivery_rate": 1.375, "agent7/delivery_rate": 1.375, "agent8/delivery_rate": 1.375, "agent9/delivery_rate": 1.375, "_step": 1936000, "_runtime": 10892, "_timestamp": 1722633164}