{"value_loss": 1.224398289423334e-06, "policy_loss": -7.617421396766133e-05, "dist_entropy": 2.461700439453125, "actor_grad_norm": 0.004365021828562021, "critic_grad_norm": 0.011312770657241344, "ratio": 1.0000157356262207, "average_episode_rewards": 648761.2152099609, "agent0/delivery_rate": 7.25, "agent1/delivery_rate": 7.25, "agent2/delivery_rate": 7.25, "agent3/delivery_rate": 7.25, "agent4/delivery_rate": 7.25, "agent5/delivery_rate": 7.25, "agent6/delivery_rate": 7.25, "agent7/delivery_rate": 7.25, "agent8/delivery_rate": 7.25, "agent9/delivery_rate": 7.25, "_step": 114972000, "_runtime": 240718, "_timestamp": 1722519088}