{"value_loss": 1.0676974534988404, "policy_loss": -0.0007700189767452237, "dist_entropy": 2.5601609706878663, "actor_grad_norm": 0.06475763767957687, "critic_grad_norm": 2.946007490158081, "ratio": 0.9999901056289673, "average_episode_rewards": -2549.078941345215, "agent0/delivery_rate": 0.125, "agent1/delivery_rate": 0.125, "agent2/delivery_rate": 0.125, "agent3/delivery_rate": 0.125, "agent4/delivery_rate": 0.125, "agent5/delivery_rate": 0.125, "agent6/delivery_rate": 0.125, "agent7/delivery_rate": 0.125, "agent8/delivery_rate": 0.125, "agent9/delivery_rate": 0.125, "_step": 32000, "_runtime": 406, "_timestamp": 1722533402}