{"value_loss": 0.004477894888259471, "policy_loss": -0.0009289186431141516, "dist_entropy": 2.613656425476074, "actor_grad_norm": 0.017623525112867355, "critic_grad_norm": 0.3279361128807068, "ratio": 1.0001260042190552, "average_episode_rewards": 8.91605019569397, "agent0/delivery_rate": 3.875, "agent1/delivery_rate": 3.875, "agent2/delivery_rate": 3.875, "agent3/delivery_rate": 3.875, "agent4/delivery_rate": 3.875, "agent5/delivery_rate": 3.875, "agent6/delivery_rate": 3.875, "agent7/delivery_rate": 3.875, "agent8/delivery_rate": 3.875, "agent9/delivery_rate": 3.875, "_step": 52976000, "_runtime": 687298, "_timestamp": 1723322488}