{"value_loss": 0.0056411671917885545, "policy_loss": -0.0013022443014360618, "dist_entropy": 2.613692831993103, "actor_grad_norm": 0.020270366221666336, "critic_grad_norm": 0.5852764844894409, "ratio": 1.0001360177993774, "average_episode_rewards": 12.675770558416843, "agent0/delivery_rate": 2.875, "agent1/delivery_rate": 2.875, "agent2/delivery_rate": 2.875, "agent3/delivery_rate": 2.875, "agent4/delivery_rate": 2.875, "agent5/delivery_rate": 2.875, "agent6/delivery_rate": 2.875, "agent7/delivery_rate": 2.875, "agent8/delivery_rate": 2.875, "agent9/delivery_rate": 2.875, "_step": 19376000, "_runtime": 255241, "_timestamp": 1722890431}