{"value_loss": 0.005511857895180583, "policy_loss": -0.0010838470647541953, "dist_entropy": 2.6060372591018677, "actor_grad_norm": 0.017814967781305313, "critic_grad_norm": 0.47778159379959106, "ratio": 1.000062346458435, "average_episode_rewards": -0.3726486174855381, "agent0/delivery_rate": 2.625, "agent1/delivery_rate": 2.625, "agent2/delivery_rate": 2.625, "agent3/delivery_rate": 2.625, "agent4/delivery_rate": 2.625, "agent5/delivery_rate": 2.625, "agent6/delivery_rate": 2.625, "agent7/delivery_rate": 2.625, "agent8/delivery_rate": 2.625, "agent9/delivery_rate": 2.625, "_step": 19456000, "_runtime": 256353, "_timestamp": 1722891543}