{"value_loss": 0.005815809872001409, "policy_loss": -0.0012233566537545927, "dist_entropy": 2.620165801048279, "actor_grad_norm": 0.01501415204256773, "critic_grad_norm": 1.0205495357513428, "ratio": 0.9999737739562988, "average_episode_rewards": 25.93671903014183, "agent0/delivery_rate": 4.0, "agent1/delivery_rate": 4.0, "agent2/delivery_rate": 4.0, "agent3/delivery_rate": 4.0, "agent4/delivery_rate": 4.0, "agent5/delivery_rate": 4.0, "agent6/delivery_rate": 4.0, "agent7/delivery_rate": 4.0, "agent8/delivery_rate": 4.0, "agent9/delivery_rate": 4.0, "_step": 26176000, "_runtime": 343717, "_timestamp": 1722978907}