{"value_loss": 0.006738311005756259, "policy_loss": -0.0008748965112376439, "dist_entropy": 2.607705283164978, "actor_grad_norm": 0.02623816207051277, "critic_grad_norm": 0.384883314371109, "ratio": 1.0000298023223877, "average_episode_rewards": 12.755096890032291, "agent0/delivery_rate": 3.5, "agent1/delivery_rate": 3.5, "agent2/delivery_rate": 3.5, "agent3/delivery_rate": 3.5, "agent4/delivery_rate": 3.5, "agent5/delivery_rate": 3.5, "agent6/delivery_rate": 3.5, "agent7/delivery_rate": 3.5, "agent8/delivery_rate": 3.5, "agent9/delivery_rate": 3.5, "_step": 58016000, "_runtime": 751561, "_timestamp": 1723386751}