{"value_loss": 0.42439535558223723, "policy_loss": -0.0004258565276115789, "dist_entropy": 2.507258653640747, "actor_grad_norm": 0.018306313082575798, "critic_grad_norm": 2.460315465927124, "ratio": 0.9999309778213501, "average_episode_rewards": 11471.633911132812, "agent0/delivery_rate": 0.625, "agent1/delivery_rate": 0.625, "agent2/delivery_rate": 0.625, "agent3/delivery_rate": 0.625, "agent4/delivery_rate": 0.625, "agent5/delivery_rate": 0.625, "agent6/delivery_rate": 0.625, "agent7/delivery_rate": 0.625, "agent8/delivery_rate": 0.625, "agent9/delivery_rate": 0.625, "_step": 7056000, "_runtime": 8991, "_timestamp": 1722532800}