{"value_loss": 7.047659558168107e-08, "policy_loss": -0.00044817773226801805, "dist_entropy": 2.4313373804092406, "actor_grad_norm": 0.02585897222161293, "critic_grad_norm": 0.002281141933053732, "ratio": 1.00002121925354, "average_episode_rewards": 154451.92337036133, "agent0/delivery_rate": 1.5, "agent1/delivery_rate": 1.5, "agent2/delivery_rate": 1.5, "agent3/delivery_rate": 1.5, "agent4/delivery_rate": 1.5, "agent5/delivery_rate": 1.5, "agent6/delivery_rate": 1.5, "agent7/delivery_rate": 1.5, "agent8/delivery_rate": 1.5, "agent9/delivery_rate": 1.5, "_step": 30432000, "_runtime": 58447, "_timestamp": 1722348631}