{"value_loss": 0.0017619758669752627, "policy_loss": -0.00015803240391143447, "dist_entropy": 2.6912874460220335, "actor_grad_norm": 0.004446964245289564, "critic_grad_norm": 0.16382238268852234, "ratio": 1.0000054836273193, "average_episode_rewards": 360765.13671875, "agent0/delivery_rate": 3.25, "agent1/delivery_rate": 3.25, "agent2/delivery_rate": 3.25, "agent3/delivery_rate": 3.25, "agent4/delivery_rate": 3.25, "agent5/delivery_rate": 3.25, "agent6/delivery_rate": 3.25, "agent7/delivery_rate": 3.25, "agent8/delivery_rate": 3.25, "agent9/delivery_rate": 3.25, "_runtime": 156265, "_timestamp": 1722533330, "_step": 83536000}