{"value_loss": 1.694204068183899, "policy_loss": 0.00018850167446693433, "dist_entropy": 2.703043723106384, "actor_grad_norm": 0.09613016992807388, "critic_grad_norm": 8.75185489654541, "ratio": 1.000007152557373, "average_episode_rewards": 21304.004192352295, "agent0/delivery_rate": 0.6875, "agent1/delivery_rate": 0.6875, "agent2/delivery_rate": 0.6875, "agent3/delivery_rate": 0.6875, "agent4/delivery_rate": 0.6875, "agent5/delivery_rate": 0.6875, "agent6/delivery_rate": 0.6875, "agent7/delivery_rate": 0.6875, "agent8/delivery_rate": 0.6875, "agent9/delivery_rate": 0.6875, "_runtime": 1695, "_timestamp": 1722535526, "_step": 160000, "_wandb": {"runtime": 1692}}