{"value_loss": 8.542249645415722e-08, "policy_loss": -6.465858236630595e-05, "dist_entropy": 2.4741467237472534, "actor_grad_norm": 0.005597620736807585, "critic_grad_norm": 0.0007556169875897467, "ratio": 1.0000168085098267, "average_episode_rewards": 594739.8834228516, "agent0/delivery_rate": 6.875, "agent1/delivery_rate": 6.875, "agent2/delivery_rate": 6.875, "agent3/delivery_rate": 6.875, "agent4/delivery_rate": 6.875, "agent5/delivery_rate": 6.875, "agent6/delivery_rate": 6.875, "agent7/delivery_rate": 6.875, "agent8/delivery_rate": 6.875, "agent9/delivery_rate": 6.875, "_step": 139692000, "_runtime": 265671, "_timestamp": 1722614381}