{"value_loss": 0.0016461907071061432, "policy_loss": -0.00023187757223923632, "dist_entropy": 2.493583059310913, "actor_grad_norm": 0.006905089132487774, "critic_grad_norm": 0.1258859783411026, "ratio": 1.0001511573791504, "average_episode_rewards": 714102.4932861328, "agent0/delivery_rate": 7.875, "agent1/delivery_rate": 7.875, "agent2/delivery_rate": 7.875, "agent3/delivery_rate": 7.875, "agent4/delivery_rate": 7.875, "agent5/delivery_rate": 7.875, "agent6/delivery_rate": 7.875, "agent7/delivery_rate": 7.875, "agent8/delivery_rate": 7.875, "agent9/delivery_rate": 7.875, "_step": 11172000, "_runtime": 23630, "_timestamp": 1722372340}