{"value_loss": 2.0927738666534426, "policy_loss": -0.0006489851762897736, "dist_entropy": 2.515140104293823, "actor_grad_norm": 0.04270101338624954, "critic_grad_norm": 4.045312881469727, "ratio": 0.9998905062675476, "average_episode_rewards": 33526.72576904297, "agent0/delivery_rate": 0.625, "agent1/delivery_rate": 0.625, "agent2/delivery_rate": 0.625, "agent3/delivery_rate": 0.625, "agent4/delivery_rate": 0.625, "agent5/delivery_rate": 0.625, "agent6/delivery_rate": 0.625, "agent7/delivery_rate": 0.625, "agent8/delivery_rate": 0.625, "agent9/delivery_rate": 0.625, "_step": 372000, "_runtime": 961, "_timestamp": 1722273243}