{"value_loss": 0.3012288331985474, "policy_loss": -0.0005229779583196148, "dist_entropy": 2.6941473484039307, "actor_grad_norm": 0.04243086650967598, "critic_grad_norm": 0.5905683636665344, "ratio": 1.0000414848327637, "average_episode_rewards": 97.49998524785042, "agent0/delivery_rate": 5.5, "agent1/delivery_rate": 5.5, "agent2/delivery_rate": 5.5, "agent3/delivery_rate": 5.5, "agent4/delivery_rate": 5.5, "agent5/delivery_rate": 5.5, "agent6/delivery_rate": 5.5, "agent7/delivery_rate": 5.5, "agent8/delivery_rate": 5.5, "agent9/delivery_rate": 5.5, "_runtime": 142, "_timestamp": 1722178470, "_step": 72000}