{"value_loss": 0.1160143718123436, "policy_loss": -0.0005316162057215301, "dist_entropy": 2.518848490715027, "actor_grad_norm": 0.04619292542338371, "critic_grad_norm": 0.5728519558906555, "ratio": 0.9997490644454956, "average_episode_rewards": 620138.8549804688, "agent0/delivery_rate": 6.375, "agent1/delivery_rate": 6.375, "agent2/delivery_rate": 6.375, "agent3/delivery_rate": 6.375, "agent4/delivery_rate": 6.375, "agent5/delivery_rate": 6.375, "agent6/delivery_rate": 6.375, "agent7/delivery_rate": 6.375, "agent8/delivery_rate": 6.375, "agent9/delivery_rate": 6.375, "_step": 132000, "_runtime": 382, "_timestamp": 1722202492}