{"value_loss": 0.05158636346459389, "policy_loss": -0.0019236585579890165, "dist_entropy": 2.3555773973464964, "actor_grad_norm": 0.04688890650868416, "critic_grad_norm": 0.2783866226673126, "ratio": 1.0003690719604492, "average_episode_rewards": 28.4136813133955, "agent0/delivery_rate": 0.625, "agent1/delivery_rate": 0.625, "agent2/delivery_rate": 0.625, "_step": 2208000, "_runtime": 5332, "_timestamp": 1722703989}