{"value_loss": 0.46641573309898376, "policy_loss": -0.008618329773889854, "dist_entropy": 2.501638388633728, "actor_grad_norm": 0.1465390920639038, "critic_grad_norm": 1.601003646850586, "ratio": 0.9992977380752563, "average_episode_rewards": -3.385755931958556, "agent0/delivery_rate": 2.0, "agent1/delivery_rate": 2.0, "agent2/delivery_rate": 2.0, "agent3/delivery_rate": 2.0, "agent4/delivery_rate": 2.0, "agent5/delivery_rate": 2.0, "agent6/delivery_rate": 2.0, "agent7/delivery_rate": 2.0, "agent8/delivery_rate": 2.0, "agent9/delivery_rate": 2.0, "_step": 3000, "_runtime": 51, "_timestamp": 1723398015}