{"value_loss": 0.5111172735691071, "policy_loss": -8.823377508067054e-05, "dist_entropy": 2.6521482467651367, "actor_grad_norm": 0.006462927907705307, "critic_grad_norm": 0.1576852798461914, "ratio": 0.9999752044677734, "average_episode_rewards": -5.000001168809831, "agent0/delivery_rate": 1.0, "agent1/delivery_rate": 1.0, "agent2/delivery_rate": 1.0, "agent3/delivery_rate": 1.0, "agent4/delivery_rate": 1.0, "agent5/delivery_rate": 1.0, "agent6/delivery_rate": 1.0, "agent7/delivery_rate": 1.0, "agent8/delivery_rate": 1.0, "agent9/delivery_rate": 1.0, "_runtime": 65374, "_timestamp": 1722178305, "_step": 56352000}