{"value_loss": 0.44482684433460234, "policy_loss": -0.00047549826675273024, "dist_entropy": 2.637515425682068, "actor_grad_norm": 0.022740628570318222, "critic_grad_norm": 0.2795809209346771, "ratio": 1.0000584125518799, "average_episode_rewards": -8.750000735744834, "agent0/delivery_rate": 0.625, "agent1/delivery_rate": 0.625, "agent2/delivery_rate": 0.625, "agent3/delivery_rate": 0.625, "agent4/delivery_rate": 0.625, "agent5/delivery_rate": 0.625, "agent6/delivery_rate": 0.625, "agent7/delivery_rate": 0.625, "agent8/delivery_rate": 0.625, "agent9/delivery_rate": 0.625, "_runtime": 725, "_timestamp": 1722113656, "_step": 552000}