{"value_loss": 0.3295686304569244, "policy_loss": -0.0005704211996406583, "dist_entropy": 2.6033162117004394, "actor_grad_norm": 0.022737760096788406, "critic_grad_norm": 0.2044338434934616, "ratio": 1.0000725984573364, "average_episode_rewards": -10.00000024214387, "agent0/delivery_rate": 0.5, "agent1/delivery_rate": 0.5, "agent2/delivery_rate": 0.5, "agent3/delivery_rate": 0.5, "agent4/delivery_rate": 0.5, "agent5/delivery_rate": 0.5, "agent6/delivery_rate": 0.5, "agent7/delivery_rate": 0.5, "agent8/delivery_rate": 0.5, "agent9/delivery_rate": 0.5, "_runtime": 2148, "_timestamp": 1722115079, "_step": 1812000}