{"value_loss": 9.610354345568339e-06, "policy_loss": -0.00017887730686823035, "dist_entropy": 2.662546730041504, "actor_grad_norm": 0.005236614029854536, "critic_grad_norm": 0.01582024060189724, "ratio": 0.9999891519546509, "average_episode_rewards": 814449.8291015625, "agent0/delivery_rate": 8.875, "agent1/delivery_rate": 8.875, "agent2/delivery_rate": 8.875, "agent3/delivery_rate": 8.875, "agent4/delivery_rate": 8.875, "agent5/delivery_rate": 8.875, "agent6/delivery_rate": 8.875, "agent7/delivery_rate": 8.875, "agent8/delivery_rate": 8.875, "agent9/delivery_rate": 8.875, "_runtime": 85384, "_timestamp": 1722376119, "_step": 105132000}