{"value_loss": 1.3537434961108375e-05, "policy_loss": -0.00022122896415152082, "dist_entropy": 2.669719171524048, "actor_grad_norm": 0.00516034010797739, "critic_grad_norm": 0.031238501891493797, "ratio": 1.000004768371582, "average_episode_rewards": 820943.5729980469, "agent0/delivery_rate": 8.875, "agent1/delivery_rate": 8.875, "agent2/delivery_rate": 8.875, "agent3/delivery_rate": 8.875, "agent4/delivery_rate": 8.875, "agent5/delivery_rate": 8.875, "agent6/delivery_rate": 8.875, "agent7/delivery_rate": 8.875, "agent8/delivery_rate": 8.875, "agent9/delivery_rate": 8.875, "_runtime": 85563, "_timestamp": 1722376298, "_step": 105312000}