{"value_loss": 0.04378827437758446, "policy_loss": -6.31564951069974e-05, "dist_entropy": 2.6609140157699587, "actor_grad_norm": 0.004791922867298126, "critic_grad_norm": 0.0792236402630806, "ratio": 1.0000098943710327, "average_episode_rewards": 4604.291796684265, "agent0/delivery_rate": 8.375, "agent1/delivery_rate": 8.375, "agent2/delivery_rate": 8.375, "agent3/delivery_rate": 8.375, "agent4/delivery_rate": 8.375, "agent5/delivery_rate": 8.375, "agent6/delivery_rate": 8.375, "agent7/delivery_rate": 8.375, "agent8/delivery_rate": 8.375, "agent9/delivery_rate": 8.375, "_runtime": 28092, "_timestamp": 1722023864, "_step": 26352000}