{"value_loss": 0.16397479474544524, "policy_loss": -0.0008966538443928584, "dist_entropy": 1.9205576419830321, "actor_grad_norm": 0.23614315688610077, "critic_grad_norm": 0.573849081993103, "ratio": 0.9995274543762207, "average_episode_rewards": 96.77040576934814, "agent0/delivery_rate": 1.40625, "agent1/delivery_rate": 1.40625, "agent2/delivery_rate": 1.40625, "_runtime": 6269, "_timestamp": 1723405367, "_step": 1856000}