{"value_loss": 0.1535259634256363, "policy_loss": -0.0020351194631075486, "dist_entropy": 1.7716818690299987, "actor_grad_norm": 0.30926913022994995, "critic_grad_norm": 0.8700550198554993, "ratio": 0.998038113117218, "average_episode_rewards": 134.4442516565323, "agent0/delivery_rate": 1.5, "agent1/delivery_rate": 1.5, "agent2/delivery_rate": 1.5, "_runtime": 49169, "_timestamp": 1723448267, "_step": 20256000}