{"value_loss": 0.35274807214736936, "policy_loss": -0.0019357371886144393, "dist_entropy": 2.3038093566894533, "actor_grad_norm": 0.1247565895318985, "critic_grad_norm": 0.6064893007278442, "ratio": 0.9994248151779175, "average_episode_rewards": 54.651398211717606, "agent0/delivery_rate": 1.46875, "agent1/delivery_rate": 1.46875, "agent2/delivery_rate": 1.46875, "_runtime": 1606, "_timestamp": 1723400704, "_step": 416000}