{"value_loss": 0.24421608299016953, "policy_loss": -0.0013458366120339348, "dist_entropy": 2.5266740798950194, "actor_grad_norm": 0.07266534864902496, "critic_grad_norm": 2.192884922027588, "ratio": 1.0001640319824219, "average_episode_rewards": 567815.4144287109, "agent0/delivery_rate": 4.5, "agent1/delivery_rate": 4.5, "agent2/delivery_rate": 4.5, "agent3/delivery_rate": 4.5, "agent4/delivery_rate": 4.5, "agent5/delivery_rate": 4.5, "agent6/delivery_rate": 4.5, "agent7/delivery_rate": 4.5, "agent8/delivery_rate": 4.5, "agent9/delivery_rate": 4.5, "_step": 18000, "_runtime": 151, "_timestamp": 1722265977}