{"value_loss": 0.03714981228113175, "policy_loss": -0.00010897113243117929, "dist_entropy": 2.342791700363159, "actor_grad_norm": 0.03473103791475296, "critic_grad_norm": 0.14333586394786835, "ratio": 0.9995959997177124, "average_episode_rewards": 613.9615774154663, "agent0/delivery_rate": 1.5, "agent1/delivery_rate": 1.5, "agent2/delivery_rate": 1.5, "_runtime": 75224, "_timestamp": 1723398141, "_step": 28992000}