{"value_loss": 0.03257443271577358, "policy_loss": -0.0015668900712626054, "dist_entropy": 2.339405560493469, "actor_grad_norm": 0.032976943999528885, "critic_grad_norm": 0.3361063599586487, "ratio": 1.000102162361145, "average_episode_rewards": 635.6208920478821, "agent0/delivery_rate": 1.59375, "agent1/delivery_rate": 1.59375, "agent2/delivery_rate": 1.59375, "_runtime": 75658, "_timestamp": 1723398575, "_step": 29152000}