{"value_loss": 0.14636047929525375, "policy_loss": -0.0007869357594245229, "dist_entropy": 2.4276153326034544, "actor_grad_norm": 0.04716598987579346, "critic_grad_norm": 0.903444766998291, "ratio": 0.9998693466186523, "average_episode_rewards": 383.5024833679199, "agent0/delivery_rate": 1.21875, "agent1/delivery_rate": 1.21875, "agent2/delivery_rate": 1.21875, "_runtime": 4414, "_timestamp": 1723327331, "_step": 1152000}