{"value_loss": 0.1594480589032173, "policy_loss": -0.001512327350792475, "dist_entropy": 1.2895866274833678, "actor_grad_norm": 0.21703501045703888, "critic_grad_norm": 0.04461074620485306, "ratio": 1.0002176761627197, "average_episode_rewards": 139.48796689510345, "agent0/delivery_rate": 0.90625, "agent1/delivery_rate": 0.90625, "agent2/delivery_rate": 0.90625, "_step": 30912000, "_runtime": 81422, "_timestamp": 1723409022}