{"value_loss": 0.15596625357866287, "policy_loss": -0.0028900579175569876, "dist_entropy": 1.3061282277107238, "actor_grad_norm": 0.32958197593688965, "critic_grad_norm": 0.1314852088689804, "ratio": 1.0006353855133057, "average_episode_rewards": 123.24078381061554, "agent0/delivery_rate": 1.3125, "agent1/delivery_rate": 1.3125, "agent2/delivery_rate": 1.3125, "_step": 27872000, "_runtime": 73453, "_timestamp": 1723401053}