{"value_loss": 0.14316898286342622, "policy_loss": -0.0030377783841686323, "dist_entropy": 1.226469087600708, "actor_grad_norm": 0.27730414271354675, "critic_grad_norm": 0.21285226941108704, "ratio": 0.9987969398498535, "average_episode_rewards": 181.83164298534393, "agent0/delivery_rate": 1.25, "agent1/delivery_rate": 1.25, "agent2/delivery_rate": 1.25, "_step": 45152000, "_runtime": 118809, "_timestamp": 1723446409}