{"value_loss": 0.0048137295059859754, "policy_loss": -0.00017836322597197807, "dist_entropy": 2.671767020225525, "actor_grad_norm": 0.0054865870624780655, "critic_grad_norm": 0.22269710898399353, "ratio": 1.0000518560409546, "average_episode_rewards": 3711.290717124939, "agent0/delivery_rate": 7.0, "agent1/delivery_rate": 7.0, "agent2/delivery_rate": 7.0, "agent3/delivery_rate": 7.0, "agent4/delivery_rate": 7.0, "agent5/delivery_rate": 7.0, "agent6/delivery_rate": 7.0, "agent7/delivery_rate": 7.0, "agent8/delivery_rate": 7.0, "agent9/delivery_rate": 7.0, "_step": 9012000, "_runtime": 28658, "_timestamp": 1722024269}