{"value_loss": 0.0010149071749765426, "policy_loss": -9.01977534830678e-05, "dist_entropy": 2.6876213550567627, "actor_grad_norm": 0.005035766400396824, "critic_grad_norm": 0.05653455853462219, "ratio": 1.000000238418579, "average_episode_rewards": 3061.6339445114136, "agent0/delivery_rate": 6.75, "agent1/delivery_rate": 6.75, "agent2/delivery_rate": 6.75, "agent3/delivery_rate": 6.75, "agent4/delivery_rate": 6.75, "agent5/delivery_rate": 6.75, "agent6/delivery_rate": 6.75, "agent7/delivery_rate": 6.75, "agent8/delivery_rate": 6.75, "agent9/delivery_rate": 6.75, "_step": 26412000, "_runtime": 118041, "_timestamp": 1722113652}