{"value_loss": 0.7374341547489166, "policy_loss": -0.002407801911576346, "dist_entropy": 2.701466679573059, "actor_grad_norm": 0.1184593066573143, "critic_grad_norm": 7.04946756362915, "ratio": 1.0001659393310547, "average_episode_rewards": 4.748567473143339, "agent0/delivery_rate": 0.625, "agent1/delivery_rate": 0.625, "agent2/delivery_rate": 0.625, "_step": 16000, "_runtime": 162, "_timestamp": 1722697277}