{"value_loss": 0.0019180571893230081, "policy_loss": -0.0006807430831447192, "dist_entropy": 2.616998314857483, "actor_grad_norm": 0.05371732637286186, "critic_grad_norm": 0.22500543296337128, "ratio": 1.0000183582305908, "average_episode_rewards": -14.999998267740011, "agent0/delivery_rate": 2.625, "agent1/delivery_rate": 2.625, "agent2/delivery_rate": 2.625, "agent3/delivery_rate": 2.625, "agent4/delivery_rate": 2.625, "agent5/delivery_rate": 2.625, "agent6/delivery_rate": 2.625, "agent7/delivery_rate": 2.625, "agent8/delivery_rate": 2.625, "agent9/delivery_rate": 2.625, "_runtime": 446, "_timestamp": 1722288536, "_step": 252000}