{"value_loss": 0.032445020973682404, "policy_loss": -0.0038298187495986015, "dist_entropy": 2.3031479358673095, "actor_grad_norm": 0.05931359529495239, "critic_grad_norm": 0.27371710538864136, "ratio": 0.9995810389518738, "average_episode_rewards": 173.9836037158966, "agent0/delivery_rate": 1.5625, "agent1/delivery_rate": 1.5625, "agent2/delivery_rate": 1.5625, "_step": 100336000, "_runtime": 183770, "_timestamp": 1722891522}