{"value_loss": 0.054212497919797896, "policy_loss": -0.002232628807270309, "dist_entropy": 2.3472025871276854, "actor_grad_norm": 0.045439381152391434, "critic_grad_norm": 0.2636195421218872, "ratio": 0.9997601509094238, "average_episode_rewards": 139.8858278989792, "agent0/delivery_rate": 1.25, "agent1/delivery_rate": 1.25, "agent2/delivery_rate": 1.25, "_step": 5936000, "_runtime": 12372, "_timestamp": 1722720124}