{"value_loss": 0.029239329509437084, "policy_loss": -0.003080111707188138, "dist_entropy": 2.302034783363342, "actor_grad_norm": 0.0819450169801712, "critic_grad_norm": 0.27823808789253235, "ratio": 1.0000300407409668, "average_episode_rewards": 167.11248457431793, "agent0/delivery_rate": 1.4375, "agent1/delivery_rate": 1.4375, "agent2/delivery_rate": 1.4375, "_step": 126336000, "_runtime": 230821, "_timestamp": 1722938573}