{"value_loss": 0.04228153750300408, "policy_loss": -0.0021023236801266166, "dist_entropy": 2.3592654943466185, "actor_grad_norm": 0.048429183661937714, "critic_grad_norm": 0.5161036849021912, "ratio": 1.0004003047943115, "average_episode_rewards": 146.13236486911774, "agent0/delivery_rate": 0.6875, "agent1/delivery_rate": 0.6875, "agent2/delivery_rate": 0.6875, "_step": 4656000, "_runtime": 9465, "_timestamp": 1722717217}