{"value_loss": 0.0569282490760088, "policy_loss": -0.002070401110220743, "dist_entropy": 2.3739808797836304, "actor_grad_norm": 0.06798767298460007, "critic_grad_norm": 0.24363169074058533, "ratio": 1.0010497570037842, "average_episode_rewards": 109.20818895101547, "agent0/delivery_rate": 0.375, "agent1/delivery_rate": 0.375, "agent2/delivery_rate": 0.375, "_step": 1168000, "_runtime": 2759, "_timestamp": 1722707370}