{"value_loss": 0.14372539073228835, "policy_loss": -0.0002099540486607765, "dist_entropy": 2.5339422464370727, "actor_grad_norm": 0.034139618277549744, "critic_grad_norm": 1.4050695896148682, "ratio": 0.9999303817749023, "average_episode_rewards": 8.786683902144432, "agent0/delivery_rate": 1.125, "agent1/delivery_rate": 1.125, "agent2/delivery_rate": 1.125, "agent3/delivery_rate": 1.125, "agent4/delivery_rate": 1.125, "agent5/delivery_rate": 1.125, "agent6/delivery_rate": 1.125, "agent7/delivery_rate": 1.125, "agent8/delivery_rate": 1.125, "agent9/delivery_rate": 1.125, "_step": 2976000, "_runtime": 37426, "_timestamp": 1722929376}