{"value_loss": 0.0007333677087444812, "policy_loss": -0.00022481410857744244, "dist_entropy": 2.6050325870513915, "actor_grad_norm": 0.00844879075884819, "critic_grad_norm": 0.03982013463973999, "ratio": 1.0000230073928833, "average_episode_rewards": 3569067.9931640625, "agent0/delivery_rate": 4.75, "agent1/delivery_rate": 4.75, "agent2/delivery_rate": 4.75, "agent3/delivery_rate": 4.75, "agent4/delivery_rate": 4.75, "agent5/delivery_rate": 4.75, "agent6/delivery_rate": 4.75, "agent7/delivery_rate": 4.75, "agent8/delivery_rate": 4.75, "agent9/delivery_rate": 4.75, "_step": 19212000, "_runtime": 14326, "_timestamp": 1722199785}