{"value_loss": 0.28483262211084365, "policy_loss": -0.0004545641301490377, "dist_entropy": 2.5374683380126952, "actor_grad_norm": 0.03783717006444931, "critic_grad_norm": 2.398531436920166, "ratio": 0.999968409538269, "average_episode_rewards": 282590.9118652344, "agent0/delivery_rate": 6.125, "agent1/delivery_rate": 6.125, "agent2/delivery_rate": 6.125, "agent3/delivery_rate": 6.125, "agent4/delivery_rate": 6.125, "agent5/delivery_rate": 6.125, "agent6/delivery_rate": 6.125, "agent7/delivery_rate": 6.125, "agent8/delivery_rate": 6.125, "agent9/delivery_rate": 6.125, "_step": 96000, "_runtime": 338, "_timestamp": 1722525912}