{"value_loss": 0.0012288873025681824, "policy_loss": -0.008116742137260723, "dist_entropy": 2.3866497755050657, "actor_grad_norm": 0.17519763112068176, "critic_grad_norm": 0.14153632521629333, "ratio": 1.0009450912475586, "average_episode_rewards": 34.53540802001953, "agent0/delivery_rate": 1.5, "agent1/delivery_rate": 1.5, "agent2/delivery_rate": 1.5, "_step": 326000, "_runtime": 1203, "_timestamp": 1722707363}