{"value_loss": 0.9490078985691071, "policy_loss": -0.000588523071196434, "dist_entropy": 2.669236159324646, "actor_grad_norm": 0.10681992024183273, "critic_grad_norm": 1.6191214323043823, "ratio": 0.9999368786811829, "average_episode_rewards": -6.250001024454832, "agent0/delivery_rate": 0.875, "agent1/delivery_rate": 0.875, "agent2/delivery_rate": 0.875, "agent3/delivery_rate": 0.875, "agent4/delivery_rate": 0.875, "agent5/delivery_rate": 0.875, "agent6/delivery_rate": 0.875, "agent7/delivery_rate": 0.875, "agent8/delivery_rate": 0.875, "agent9/delivery_rate": 0.875, "_runtime": 624, "_timestamp": 1722181060, "_step": 372000, "_wandb": {"runtime": 622}}