{"value_loss": 0.0007919070892967283, "policy_loss": -0.0005065492247462222, "dist_entropy": 2.6632848739624024, "actor_grad_norm": 0.02019890770316124, "critic_grad_norm": 0.024889085441827774, "ratio": 1.0000674724578857, "average_episode_rewards": -14.999998267740011, "agent0/delivery_rate": 4.5, "agent1/delivery_rate": 4.5, "agent2/delivery_rate": 4.5, "agent3/delivery_rate": 4.5, "agent4/delivery_rate": 4.5, "agent5/delivery_rate": 4.5, "agent6/delivery_rate": 4.5, "agent7/delivery_rate": 4.5, "agent8/delivery_rate": 4.5, "agent9/delivery_rate": 4.5, "_step": 672000, "_runtime": 1237, "_timestamp": 1722185192}