{"value_loss": 0.009099343977868556, "policy_loss": -0.0017110958433942613, "dist_entropy": 2.4159013271331786, "actor_grad_norm": 0.09854278713464737, "critic_grad_norm": 0.5933095216751099, "ratio": 1.0001486539840698, "average_episode_rewards": 159.11319851875305, "agent0/delivery_rate": 1.0625, "agent1/delivery_rate": 1.0625, "agent2/delivery_rate": 1.0625, "_step": 104096000, "_runtime": 169314, "_timestamp": 1722891681}