{"value_loss": 0.01221965947188437, "policy_loss": -0.0013316220934541435, "dist_entropy": 2.4152533054351806, "actor_grad_norm": 0.043733637779951096, "critic_grad_norm": 1.5810413360595703, "ratio": 0.9998984336853027, "average_episode_rewards": 217.73838996887207, "agent0/delivery_rate": 1.5625, "agent1/delivery_rate": 1.5625, "agent2/delivery_rate": 1.5625, "_step": 199936000, "_runtime": 318791, "_timestamp": 1723041158}