{"value_loss": 0.012614060286432504, "policy_loss": -0.002101419182230302, "dist_entropy": 2.4163275718688966, "actor_grad_norm": 0.1256929636001587, "critic_grad_norm": 1.9577083587646484, "ratio": 0.9997223615646362, "average_episode_rewards": 140.05620777606964, "agent0/delivery_rate": 1.0, "agent1/delivery_rate": 1.0, "agent2/delivery_rate": 1.0, "_step": 158256000, "_runtime": 257526, "_timestamp": 1722979893}