{"value_loss": 0.04642999097704888, "policy_loss": -0.0009350668398838025, "dist_entropy": 2.468985152244568, "actor_grad_norm": 0.06360819190740585, "critic_grad_norm": 0.7828158140182495, "ratio": 1.0003173351287842, "average_episode_rewards": 186.4224374294281, "agent0/delivery_rate": 1.625, "agent1/delivery_rate": 1.625, "agent2/delivery_rate": 1.625, "_runtime": 177174, "_timestamp": 1723064483, "_step": 31936000}