{"value_loss": 0.041883446648716925, "policy_loss": -0.0011138992558699101, "dist_entropy": 2.5104080200195313, "actor_grad_norm": 0.06283492594957352, "critic_grad_norm": 0.19503995776176453, "ratio": 0.999913215637207, "average_episode_rewards": 150.7827192544937, "agent0/delivery_rate": 1.375, "agent1/delivery_rate": 1.375, "agent2/delivery_rate": 1.375, "_runtime": 90354, "_timestamp": 1722977663, "_step": 19616000}