{"value_loss": 0.04162738285958767, "policy_loss": -0.0011190995621291222, "dist_entropy": 2.471240758895874, "actor_grad_norm": 0.056786857545375824, "critic_grad_norm": 0.4579891562461853, "ratio": 1.0000344514846802, "average_episode_rewards": 182.54783749580383, "agent0/delivery_rate": 1.6875, "agent1/delivery_rate": 1.6875, "agent2/delivery_rate": 1.6875, "_runtime": 322574, "_timestamp": 1723209883, "_step": 63616000}