{"value_loss": 0.0001843552352511324, "policy_loss": -6.441172189681765e-05, "dist_entropy": 2.561222863197327, "actor_grad_norm": 0.0030922486912459135, "critic_grad_norm": 0.04122815653681755, "ratio": 0.9999853372573853, "average_episode_rewards": 834622.1923828125, "agent0/delivery_rate": 9.0, "agent1/delivery_rate": 9.0, "agent2/delivery_rate": 9.0, "agent3/delivery_rate": 9.0, "agent4/delivery_rate": 9.0, "agent5/delivery_rate": 9.0, "agent6/delivery_rate": 9.0, "agent7/delivery_rate": 9.0, "agent8/delivery_rate": 9.0, "agent9/delivery_rate": 9.0, "_step": 110052000, "_runtime": 231046, "_timestamp": 1722519039}