{"value_loss": 0.8652754843235015, "policy_loss": -0.0025323506878066836, "dist_entropy": 2.5594538688659667, "actor_grad_norm": 0.041861675679683685, "critic_grad_norm": 3.751594066619873, "ratio": 0.9996738433837891, "average_episode_rewards": 2.750261453911662, "agent0/delivery_rate": 2.5, "agent1/delivery_rate": 2.5, "agent2/delivery_rate": 2.5, "agent3/delivery_rate": 2.5, "agent4/delivery_rate": 2.5, "agent5/delivery_rate": 2.5, "agent6/delivery_rate": 2.5, "agent7/delivery_rate": 2.5, "agent8/delivery_rate": 2.5, "agent9/delivery_rate": 2.5, "_step": 8000, "_runtime": 154, "_timestamp": 1723396893}