{"value_loss": 0.4079324185848236, "policy_loss": -0.0004642879322497073, "dist_entropy": 2.6821495056152345, "actor_grad_norm": 0.012729339301586151, "critic_grad_norm": 0.11697761714458466, "ratio": 1.000012993812561, "average_episode_rewards": 177.49999463558197, "agent0/delivery_rate": 0.375, "agent1/delivery_rate": 0.375, "agent2/delivery_rate": 0.375, "agent3/delivery_rate": 0.375, "agent4/delivery_rate": 0.375, "agent5/delivery_rate": 0.375, "agent6/delivery_rate": 0.375, "agent7/delivery_rate": 0.375, "agent8/delivery_rate": 0.375, "agent9/delivery_rate": 0.375, "_runtime": 89516, "_timestamp": 1722286479, "_step": 36128000}