{"value_loss": 0.04155995287001133, "policy_loss": -0.0012162579922051719, "dist_entropy": 2.464749050140381, "actor_grad_norm": 0.026346102356910706, "critic_grad_norm": 0.5143642425537109, "ratio": 1.0000098943710327, "average_episode_rewards": 145.63825726509094, "agent0/delivery_rate": 3.25, "agent1/delivery_rate": 3.25, "agent2/delivery_rate": 3.25, "agent3/delivery_rate": 3.25, "agent4/delivery_rate": 3.25, "agent5/delivery_rate": 3.25, "agent6/delivery_rate": 3.25, "agent7/delivery_rate": 3.25, "agent8/delivery_rate": 3.25, "agent9/delivery_rate": 3.25, "_step": 30176000, "_runtime": 338825, "_timestamp": 1723316844}