{"value_loss": 0.12455235421657562, "policy_loss": -0.0006807095802575436, "dist_entropy": 2.49329514503479, "actor_grad_norm": 0.042216233909130096, "critic_grad_norm": 1.647229790687561, "ratio": 1.0001180171966553, "average_episode_rewards": 48.32722619175911, "agent0/delivery_rate": 1.8125, "agent1/delivery_rate": 1.8125, "agent2/delivery_rate": 1.8125, "agent3/delivery_rate": 1.8125, "agent4/delivery_rate": 1.8125, "agent5/delivery_rate": 1.8125, "agent6/delivery_rate": 1.8125, "agent7/delivery_rate": 1.8125, "agent8/delivery_rate": 1.8125, "agent9/delivery_rate": 1.8125, "_step": 7616000, "_runtime": 86271, "_timestamp": 1723064290}