{"value_loss": 0.03315740022808313, "policy_loss": -0.0010654532592894838, "dist_entropy": 2.4700886726379396, "actor_grad_norm": 0.02190323919057846, "critic_grad_norm": 1.1045576333999634, "ratio": 1.0000569820404053, "average_episode_rewards": 163.55690360069275, "agent0/delivery_rate": 3.1875, "agent1/delivery_rate": 3.1875, "agent2/delivery_rate": 3.1875, "agent3/delivery_rate": 3.1875, "agent4/delivery_rate": 3.1875, "agent5/delivery_rate": 3.1875, "agent6/delivery_rate": 3.1875, "agent7/delivery_rate": 3.1875, "agent8/delivery_rate": 3.1875, "agent9/delivery_rate": 3.1875, "_step": 30416000, "_runtime": 344014, "_timestamp": 1723322033}