{"value_loss": 0.1522826686501503, "policy_loss": -0.001795653512778994, "dist_entropy": 2.4398261070251466, "actor_grad_norm": 0.11200740188360214, "critic_grad_norm": 1.7765439748764038, "ratio": 1.000415563583374, "average_episode_rewards": 12.896931730210781, "agent0/delivery_rate": 1.25, "agent1/delivery_rate": 1.25, "agent2/delivery_rate": 1.25, "_step": 168000, "_runtime": 454, "_timestamp": 1722703889}