{"value_loss": 0.25220050662755966, "policy_loss": -0.0008558545112087757, "dist_entropy": 2.5353302240371702, "actor_grad_norm": 0.06437529623508453, "critic_grad_norm": 1.676744818687439, "ratio": 1.0000509023666382, "average_episode_rewards": 8268.588066101074, "agent0/delivery_rate": 0.5, "agent1/delivery_rate": 0.5, "agent2/delivery_rate": 0.5, "agent3/delivery_rate": 0.5, "agent4/delivery_rate": 0.5, "agent5/delivery_rate": 0.5, "agent6/delivery_rate": 0.5, "agent7/delivery_rate": 0.5, "agent8/delivery_rate": 0.5, "agent9/delivery_rate": 0.5, "_step": 96000, "_runtime": 728, "_timestamp": 1722525365}