{"value_loss": 5.7290003299713135, "policy_loss": -0.00040079824525319775, "dist_entropy": 2.7035535335540772, "actor_grad_norm": 0.10003717988729477, "critic_grad_norm": 60.30731964111328, "ratio": 1.000185251235962, "average_episode_rewards": 47.499993816018105, "agent0/delivery_rate": 0.125, "agent1/delivery_rate": 0.125, "agent2/delivery_rate": 0.125, "agent3/delivery_rate": 0.125, "agent4/delivery_rate": 0.125, "agent5/delivery_rate": 0.125, "agent6/delivery_rate": 0.125, "agent7/delivery_rate": 0.125, "agent8/delivery_rate": 0.125, "agent9/delivery_rate": 0.125, "_runtime": 3019, "_timestamp": 1722195703, "_step": 12000}