{"value_loss": 0.5688147604465484, "policy_loss": -0.00030023284698011966, "dist_entropy": 2.6305110692977904, "actor_grad_norm": 0.01910935342311859, "critic_grad_norm": 0.6138372421264648, "ratio": 0.999834418296814, "average_episode_rewards": -8.749999338760972, "agent0/delivery_rate": 0.625, "agent1/delivery_rate": 0.625, "agent2/delivery_rate": 0.625, "agent3/delivery_rate": 0.625, "agent4/delivery_rate": 0.625, "agent5/delivery_rate": 0.625, "agent6/delivery_rate": 0.625, "agent7/delivery_rate": 0.625, "agent8/delivery_rate": 0.625, "agent9/delivery_rate": 0.625, "_runtime": 516, "_timestamp": 1722112627, "_step": 312000}