{"value_loss": 0.3725493520498276, "policy_loss": -0.0001604930810955363, "dist_entropy": 2.6551846981048586, "actor_grad_norm": 0.009067291393876076, "critic_grad_norm": 0.16377954185009003, "ratio": 0.9999774098396301, "average_episode_rewards": -7.499999832361937, "agent0/delivery_rate": 0.75, "agent1/delivery_rate": 0.75, "agent2/delivery_rate": 0.75, "agent3/delivery_rate": 0.75, "agent4/delivery_rate": 0.75, "agent5/delivery_rate": 0.75, "agent6/delivery_rate": 0.75, "agent7/delivery_rate": 0.75, "agent8/delivery_rate": 0.75, "agent9/delivery_rate": 0.75, "_step": 70992000, "_runtime": 65849, "_timestamp": 1722181026}