{"value_loss": 6.396601838787319e-06, "policy_loss": -0.0005417508372924429, "dist_entropy": 2.672449016571045, "actor_grad_norm": 0.013802135363221169, "critic_grad_norm": 0.0076282271184027195, "ratio": 1.0000312328338623, "average_episode_rewards": -14.999998267740011, "agent0/delivery_rate": 7.5, "agent1/delivery_rate": 7.5, "agent2/delivery_rate": 7.5, "agent3/delivery_rate": 7.5, "agent4/delivery_rate": 7.5, "agent5/delivery_rate": 7.5, "agent6/delivery_rate": 7.5, "agent7/delivery_rate": 7.5, "agent8/delivery_rate": 7.5, "agent9/delivery_rate": 7.5, "_runtime": 5527, "_timestamp": 1722111246, "_step": 3306000, "_wandb": {"runtime": 5525}}