{"value_loss": 0.007161637069657445, "policy_loss": -0.0017070748710927397, "dist_entropy": 2.421316695213318, "actor_grad_norm": 0.0298630204051733, "critic_grad_norm": 0.4513801634311676, "ratio": 1.0003162622451782, "average_episode_rewards": 203.85225117206573, "agent0/delivery_rate": 1.4375, "agent1/delivery_rate": 1.4375, "agent2/delivery_rate": 1.4375, "_step": 158736000, "_runtime": 257589, "_timestamp": 1722979920}