{"value_loss": 0.0015634147683158516, "policy_loss": -0.001618278142677987, "dist_entropy": 2.4006717205047607, "actor_grad_norm": 0.0362316332757473, "critic_grad_norm": 0.3455381989479065, "ratio": 0.9998094439506531, "average_episode_rewards": 166.7363941669464, "agent0/delivery_rate": 0.9375, "agent1/delivery_rate": 0.9375, "agent2/delivery_rate": 0.9375, "_step": 104336000, "_runtime": 169386, "_timestamp": 1722891717}