{"value_loss": 0.0013887803768739104, "policy_loss": -0.004354970342526165, "dist_entropy": 2.4911712884902952, "actor_grad_norm": 0.25602465867996216, "critic_grad_norm": 0.15685632824897766, "ratio": 0.9963367581367493, "average_episode_rewards": 92.67759323120117, "agent0/delivery_rate": 2.5, "agent1/delivery_rate": 2.5, "agent2/delivery_rate": 2.5, "_step": 21000, "_runtime": 93, "_timestamp": 1722707247}