{"value_loss": 0.027917431108653544, "policy_loss": -0.00035034660547950125, "dist_entropy": 2.530194354057312, "actor_grad_norm": 0.06384988129138947, "critic_grad_norm": 1.3655335903167725, "ratio": 0.9998520612716675, "average_episode_rewards": 188.76263871788979, "agent0/delivery_rate": 2.125, "agent1/delivery_rate": 2.125, "agent2/delivery_rate": 2.125, "agent3/delivery_rate": 2.125, "agent4/delivery_rate": 2.125, "agent5/delivery_rate": 2.125, "agent6/delivery_rate": 2.125, "agent7/delivery_rate": 2.125, "agent8/delivery_rate": 2.125, "agent9/delivery_rate": 2.125, "_step": 2640000, "_runtime": 81126, "_timestamp": 1722887490}