{"value_loss": 0.2958164721727371, "policy_loss": -0.0013266039943118813, "dist_entropy": 2.3476562023162844, "actor_grad_norm": 0.10621775686740875, "critic_grad_norm": 0.15115317702293396, "ratio": 0.9994211196899414, "average_episode_rewards": 33.19357708096504, "agent0/delivery_rate": 7.25, "agent1/delivery_rate": 7.25, "agent2/delivery_rate": 7.25, "agent3/delivery_rate": 7.25, "agent4/delivery_rate": 7.25, "agent5/delivery_rate": 7.25, "agent6/delivery_rate": 7.25, "agent7/delivery_rate": 7.25, "agent8/delivery_rate": 7.25, "agent9/delivery_rate": 7.25, "_step": 1288000, "_runtime": 10842, "_timestamp": 1723409122}