{"value_loss": 0.4523697912693024, "policy_loss": -0.0004691265694418689, "dist_entropy": 2.289384293556213, "actor_grad_norm": 0.1136268749833107, "critic_grad_norm": 0.10786732286214828, "ratio": 0.9996774792671204, "average_episode_rewards": 43.30192133784294, "agent0/delivery_rate": 7.1875, "agent1/delivery_rate": 7.1875, "agent2/delivery_rate": 7.1875, "agent3/delivery_rate": 7.1875, "agent4/delivery_rate": 7.1875, "agent5/delivery_rate": 7.1875, "agent6/delivery_rate": 7.1875, "agent7/delivery_rate": 7.1875, "agent8/delivery_rate": 7.1875, "agent9/delivery_rate": 7.1875, "_step": 1128000, "_runtime": 9713, "_timestamp": 1723407993}