{"value_loss": 0.1959868088364601, "policy_loss": -0.0012087048278772272, "dist_entropy": 2.327891397476196, "actor_grad_norm": 0.0821652039885521, "critic_grad_norm": 0.5137601494789124, "ratio": 0.9994230270385742, "average_episode_rewards": 33.66470709443092, "agent0/delivery_rate": 7.1875, "agent1/delivery_rate": 7.1875, "agent2/delivery_rate": 7.1875, "agent3/delivery_rate": 7.1875, "agent4/delivery_rate": 7.1875, "agent5/delivery_rate": 7.1875, "agent6/delivery_rate": 7.1875, "agent7/delivery_rate": 7.1875, "agent8/delivery_rate": 7.1875, "agent9/delivery_rate": 7.1875, "_step": 6648000, "_runtime": 48052, "_timestamp": 1723446332}